#
# There is insufficient memory for the Java Runtime Environment to continue.
# Native memory allocation (mmap) failed to map 702545920 bytes. Error detail: G1 virtual space
# Possible reasons:
#   The system is out of physical RAM or swap space
#   This process is running with CompressedOops enabled, and the Java Heap may be blocking the growth of the native heap
# Possible solutions:
#   Reduce memory load on the system
#   Increase physical memory or swap space
#   Check if swap backing store is full
#   Decrease Java heap size (-Xmx/-Xms)
#   Decrease number of Java threads
#   Decrease Java thread stack sizes (-Xss)
#   Set larger code cache with -XX:ReservedCodeCacheSize=
#   JVM is running with Unscaled Compressed Oops mode in which the Java heap is
#     placed in the first 4GB address space. The Java Heap base address is the
#     maximum limit for the native heap growth. Please use -XX:HeapBaseMinAddress
#     to set the Java Heap base and to place the Java Heap above 4GB virtual address.
# This output file may be truncated or incomplete.
#
#  Out of Memory Error (os_windows.cpp:3925), pid=12160, tid=7972
#
# JRE version: OpenJDK Runtime Environment (21.0.9) (build 21.0.9+-14649483-b1163.86)
# Java VM: OpenJDK 64-Bit Server VM (21.0.9+-14649483-b1163.86, mixed mode, tiered, compressed oops, compressed class ptrs, g1 gc, windows-amd64)
# No core dump will be written. Minidumps are not enabled by default on client versions of Windows
#

---------------  S U M M A R Y ------------

Command Line: --add-opens=java.base/java.lang=ALL-UNNAMED --add-opens=java.base/java.lang.invoke=ALL-UNNAMED --add-opens=java.base/java.util=ALL-UNNAMED --add-opens=java.prefs/java.util.prefs=ALL-UNNAMED --add-exports=jdk.compiler/com.sun.tools.javac.api=ALL-UNNAMED --add-exports=jdk.compiler/com.sun.tools.javac.util=ALL-UNNAMED --add-opens=java.base/java.util=ALL-UNNAMED --add-opens=java.prefs/java.util.prefs=ALL-UNNAMED --add-opens=java.base/java.nio.charset=ALL-UNNAMED --add-opens=java.base/java.net=ALL-UNNAMED --add-opens=java.base/java.util.concurrent=ALL-UNNAMED --add-opens=java.base/java.util.concurrent.atomic=ALL-UNNAMED --add-opens=java.xml/javax.xml.namespace=ALL-UNNAMED --add-opens=java.base/java.time=ALL-UNNAMED -Xmx2048m -Dfile.encoding=UTF-8 -Duser.country=US -Duser.language=en -Duser.variant -javaagent:C:\Users\Dinithi Uththara\.gradle\wrapper\dists\gradle-9.2.1-bin\2t0n5ozlw9xmuyvbp7dnzaxug\gradle-9.2.1\lib\agents\gradle-instrumentation-agent-9.2.1.jar org.gradle.launcher.daemon.bootstrap.GradleDaemon 9.2.1

Host: 12th Gen Intel(R) Core(TM) i5-12450H, 12 cores, 7G,  Windows 11 , 64 bit Build 26100 (10.0.26100.8328)
Time: Fri May 15 22:56:42 2026 Sri Lanka Standard Time elapsed time: 2832.852016 seconds (0d 0h 47m 12s)

---------------  T H R E A D  ---------------

Current thread (0x0000020a26ba1230):  VMThread "VM Thread"          [id=7972, stack(0x0000001330300000,0x0000001330400000) (1024K)]

Stack: [0x0000001330300000,0x0000001330400000]
Native frames: (J=compiled Java code, j=interpreted, Vv=VM code, C=native code)
V  [jvm.dll+0x6d6c99]
V  [jvm.dll+0x866b83]
V  [jvm.dll+0x86919e]
V  [jvm.dll+0x869883]
V  [jvm.dll+0x280776]
V  [jvm.dll+0x6d3555]
V  [jvm.dll+0x6c6bea]
V  [jvm.dll+0x3587fb]
V  [jvm.dll+0x360476]
V  [jvm.dll+0x3b2646]
V  [jvm.dll+0x3b2918]
V  [jvm.dll+0x32af0c]
V  [jvm.dll+0x32af97]
V  [jvm.dll+0x370e7c]
V  [jvm.dll+0x36f62e]
V  [jvm.dll+0x32a661]
V  [jvm.dll+0x36ed30]
V  [jvm.dll+0x86f608]
V  [jvm.dll+0x870984]
V  [jvm.dll+0x870ec0]
V  [jvm.dll+0x871153]
V  [jvm.dll+0x80f118]
V  [jvm.dll+0x6d54ed]
C  [ucrtbase.dll+0x37b0]
C  [KERNEL32.DLL+0x2e957]
C  [ntdll.dll+0x427c]

VM_Operation (0x00000013365f8cc0): G1CollectForAllocation, mode: safepoint, requested by thread 0x0000020a30442b00


---------------  P R O C E S S  ---------------

Threads class SMR info:
_java_thread_list=0x0000020a351f5730, length=106, elements={
0x0000020a0c996270, 0x0000020a26bf1f10, 0x0000020a26bf2d90, 0x0000020a26bf37f0,
0x0000020a26c2afa0, 0x0000020a26c1eff0, 0x0000020a26c1fa50, 0x0000020a26c204b0,
0x0000020a26c35e90, 0x0000020a26c36a60, 0x0000020a26f297e0, 0x0000020a2c492640,
0x0000020a2d58cb60, 0x0000020a2d51de20, 0x0000020a2d5759d0, 0x0000020a2d578130,
0x0000020a2d574cb0, 0x0000020a2ee28c00, 0x0000020a2ee2a640, 0x0000020a2ee28570,
0x0000020a2ee2acd0, 0x0000020a2ee27850, 0x0000020a2ee2dac0, 0x0000020a2c7b1150,
0x0000020a2c7b0430, 0x0000020a2f263490, 0x0000020a2f264ed0, 0x0000020a2f264840,
0x0000020a2e3357b0, 0x0000020a2e33a670, 0x0000020a2c3737e0, 0x0000020a2c7afda0,
0x0000020a369b7290, 0x0000020a309c91e0, 0x0000020a309c9870, 0x0000020a2c59af10,
0x0000020a2c598e40, 0x0000020a36740d20, 0x0000020a36740690, 0x0000020a369b8640,
0x0000020a369b7920, 0x0000020a369b7fb0, 0x0000020a2ca89000, 0x0000020a2ca8bdf0,
0x0000020a2ca89690, 0x0000020a2ca8b0d0, 0x0000020a2ca8b760, 0x0000020a2ca89d20,
0x0000020a2ca8a3b0, 0x0000020a2ca8aa40, 0x0000020a2ca8c480, 0x0000020a2c762e20,
0x0000020a2c761a70, 0x0000020a2c7613e0, 0x0000020a2c760d50, 0x0000020a2c762100,
0x0000020a2c762790, 0x0000020a2c7634b0, 0x0000020a2c763b40, 0x0000020a2c7641d0,
0x0000020a3534f4b0, 0x0000020a370b3930, 0x0000020a370b5a00, 0x0000020a370b6090,
0x0000020a3505a7c0, 0x0000020a36741a40, 0x0000020a3673f970, 0x0000020a2df046f0,
0x0000020a2df039d0, 0x0000020a2df02cb0, 0x0000020a2df04060, 0x0000020a2df04d80,
0x0000020a2df06130, 0x0000020a2e9ce690, 0x0000020a2e9cfa40, 0x0000020a2e9d1b10,
0x0000020a2e9ced20, 0x0000020a2e9d0760, 0x0000020a309dca20, 0x0000020a309dd0b0,
0x0000020a309db670, 0x0000020a309dafe0, 0x0000020a309dc390, 0x0000020a309dd740,
0x0000020a309dddd0, 0x0000020a37780d10, 0x0000020a3777fff0, 0x0000020a37781a30,
0x0000020a37780680, 0x0000020a2c599b60, 0x0000020a2c59a1f0, 0x0000020a304410c0,
0x0000020a30441de0, 0x0000020a30442b00, 0x0000020a2c59a880, 0x0000020a2c59bc30,
0x0000020a2c59c2c0, 0x0000020a2c59b5a0, 0x0000020a37927310, 0x0000020a37925f60,
0x0000020a37923e90, 0x0000020a37924520, 0x0000020a379265f0, 0x0000020a37924bb0,
0x0000020a3777f960, 0x0000020a2c7aaee0
}

Java Threads: ( => current thread )
  0x0000020a0c996270 JavaThread "main"                              [_thread_blocked, id=29600, stack(0x000000132fc00000,0x000000132fd00000) (1024K)]
  0x0000020a26bf1f10 JavaThread "Common-Cleaner"             daemon [_thread_blocked, id=7880, stack(0x0000001330400000,0x0000001330500000) (1024K)]
  0x0000020a26bf2d90 JavaThread "Reference Handler"          daemon [_thread_blocked, id=16436, stack(0x0000001330500000,0x0000001330600000) (1024K)]
  0x0000020a26bf37f0 JavaThread "Finalizer"                  daemon [_thread_blocked, id=8752, stack(0x0000001330600000,0x0000001330700000) (1024K)]
  0x0000020a26c2afa0 JavaThread "Signal Dispatcher"          daemon [_thread_blocked, id=27376, stack(0x0000001330700000,0x0000001330800000) (1024K)]
  0x0000020a26c1eff0 JavaThread "Attach Listener"            daemon [_thread_blocked, id=10348, stack(0x0000001330800000,0x0000001330900000) (1024K)]
  0x0000020a26c1fa50 JavaThread "Service Thread"             daemon [_thread_blocked, id=9360, stack(0x0000001330900000,0x0000001330a00000) (1024K)]
  0x0000020a26c204b0 JavaThread "Monitor Deflation Thread"   daemon [_thread_blocked, id=4184, stack(0x0000001330a00000,0x0000001330b00000) (1024K)]
  0x0000020a26c35e90 JavaThread "C2 CompilerThread0"         daemon [_thread_blocked, id=7924, stack(0x0000001330b00000,0x0000001330c00000) (1024K)]
  0x0000020a26c36a60 JavaThread "C1 CompilerThread0"         daemon [_thread_blocked, id=27172, stack(0x0000001330c00000,0x0000001330d00000) (1024K)]
  0x0000020a26f297e0 JavaThread "Notification Thread"        daemon [_thread_blocked, id=23764, stack(0x0000001330d00000,0x0000001330e00000) (1024K)]
  0x0000020a2c492640 JavaThread "Daemon health stats"               [_thread_blocked, id=15396, stack(0x0000001331300000,0x0000001331400000) (1024K)]
  0x0000020a2d58cb60 JavaThread "Incoming local TCP Connector on port 52347"        [_thread_in_native, id=13988, stack(0x0000001331800000,0x0000001331900000) (1024K)]
  0x0000020a2d51de20 JavaThread "Daemon periodic checks"            [_thread_blocked, id=28296, stack(0x0000001331900000,0x0000001331a00000) (1024K)]
  0x0000020a2d5759d0 JavaThread "Cache worker for journal cache (C:\Users\Dinithi Uththara\.gradle\caches\journal-1)"        [_thread_blocked, id=28452, stack(0x0000001332400000,0x0000001332500000) (1024K)]
  0x0000020a2d578130 JavaThread "File lock request listener"        [_thread_in_native, id=17448, stack(0x0000001332500000,0x0000001332600000) (1024K)]
  0x0000020a2d574cb0 JavaThread "Cache worker for file hash cache (C:\Users\Dinithi Uththara\.gradle\caches\9.2.1\fileHashes)"        [_thread_blocked, id=28408, stack(0x0000001332600000,0x0000001332700000) (1024K)]
  0x0000020a2ee28c00 JavaThread "File watcher server"        daemon [_thread_blocked, id=10848, stack(0x0000001332900000,0x0000001332a00000) (1024K)]
  0x0000020a2ee2a640 JavaThread "File watcher consumer"      daemon [_thread_blocked, id=15340, stack(0x0000001332a00000,0x0000001332b00000) (1024K)]
  0x0000020a2ee28570 JavaThread "Cache worker for file content cache (C:\Users\Dinithi Uththara\.gradle\caches\9.2.1\fileContent)"        [_thread_blocked, id=19244, stack(0x0000001332b00000,0x0000001332c00000) (1024K)]
  0x0000020a2ee2acd0 JavaThread "jar transforms"                    [_thread_blocked, id=22972, stack(0x0000001332e00000,0x0000001332f00000) (1024K)]
  0x0000020a2ee27850 JavaThread "jar transforms Thread 2"           [_thread_blocked, id=12380, stack(0x0000001332f00000,0x0000001333000000) (1024K)]
  0x0000020a2ee2dac0 JavaThread "jar transforms Thread 3"           [_thread_blocked, id=8608, stack(0x0000001333000000,0x0000001333100000) (1024K)]
  0x0000020a2c7b1150 JavaThread "jar transforms Thread 4"           [_thread_blocked, id=11200, stack(0x0000001334500000,0x0000001334600000) (1024K)]
  0x0000020a2c7b0430 JavaThread "jar transforms Thread 5"           [_thread_blocked, id=7484, stack(0x0000001334600000,0x0000001334700000) (1024K)]
  0x0000020a2f263490 JavaThread "jar transforms Thread 6"           [_thread_blocked, id=23572, stack(0x0000001335100000,0x0000001335200000) (1024K)]
  0x0000020a2f264ed0 JavaThread "jar transforms Thread 7"           [_thread_blocked, id=24900, stack(0x0000001335200000,0x0000001335300000) (1024K)]
  0x0000020a2f264840 JavaThread "jar transforms Thread 8"           [_thread_blocked, id=12424, stack(0x0000001335300000,0x0000001335400000) (1024K)]
  0x0000020a2e3357b0 JavaThread "Memory manager"                    [_thread_blocked, id=12144, stack(0x0000001337b00000,0x0000001337c00000) (1024K)]
  0x0000020a2e33a670 JavaThread "pool-3-thread-1"                   [_thread_blocked, id=8320, stack(0x0000001337e00000,0x0000001337f00000) (1024K)]
  0x0000020a2c3737e0 JavaThread "pool-6-thread-1"                   [_thread_blocked, id=7856, stack(0x0000001336200000,0x0000001336300000) (1024K)]
  0x0000020a2c7afda0 JavaThread "Cache worker for Java compile cache (C:\Users\Dinithi Uththara\.gradle\caches\9.2.1\javaCompile)"        [_thread_blocked, id=22400, stack(0x0000001338800000,0x0000001338900000) (1024K)]
  0x0000020a369b7290 JavaThread "pool-10-thread-1"                  [_thread_blocked, id=15032, stack(0x0000001336400000,0x0000001336500000) (1024K)]
  0x0000020a309c91e0 JavaThread "Daemon Thread 4"                   [_thread_blocked, id=23548, stack(0x000000132f900000,0x000000132fa00000) (1024K)]
  0x0000020a309c9870 JavaThread "Handler for socket connection from /127.0.0.1:52347 to /127.0.0.1:52411"        [_thread_in_native, id=28896, stack(0x000000132fa00000,0x000000132fb00000) (1024K)]
  0x0000020a2c59af10 JavaThread "Cancel handler"                    [_thread_blocked, id=26564, stack(0x000000132fb00000,0x000000132fc00000) (1024K)]
  0x0000020a2c598e40 JavaThread "Daemon worker Thread 4"            [_thread_blocked, id=26368, stack(0x0000001330e00000,0x0000001330f00000) (1024K)]
  0x0000020a36740d20 JavaThread "Asynchronous log dispatcher for DefaultDaemonConnection: socket connection from /127.0.0.1:52347 to /127.0.0.1:52411"        [_thread_blocked, id=29392, stack(0x0000001331a00000,0x0000001331b00000) (1024K)]
  0x0000020a36740690 JavaThread "Stdin handler"                     [_thread_blocked, id=21620, stack(0x0000001331b00000,0x0000001331c00000) (1024K)]
  0x0000020a369b8640 JavaThread "Daemon client event forwarder"        [_thread_blocked, id=27340, stack(0x0000001331c00000,0x0000001331d00000) (1024K)]
  0x0000020a369b7920 JavaThread "Cache worker for file hash cache (C:\Users\Dinithi Uththara\Desktop\2nd year\2nd sem\Mobile\ToDo App\.gradle\9.2.1\fileHashes)"        [_thread_blocked, id=20484, stack(0x0000001331d00000,0x0000001331e00000) (1024K)]
  0x0000020a369b7fb0 JavaThread "Cache worker for Build Output Cleanup Cache (C:\Users\Dinithi Uththara\Desktop\2nd year\2nd sem\Mobile\ToDo App\.gradle\buildOutputCleanup)"        [_thread_blocked, id=21364, stack(0x0000001331e00000,0x0000001331f00000) (1024K)]
  0x0000020a2ca89000 JavaThread "Cache worker for checksums cache (C:\Users\Dinithi Uththara\Desktop\2nd year\2nd sem\Mobile\ToDo App\.gradle\9.2.1\checksums)"        [_thread_blocked, id=26008, stack(0x0000001332200000,0x0000001332300000) (1024K)]
  0x0000020a2ca8bdf0 JavaThread "Cache worker for cache directory md-supplier (C:\Users\Dinithi Uththara\.gradle\caches\9.2.1\md-supplier)"        [_thread_blocked, id=21408, stack(0x0000001332300000,0x0000001332400000) (1024K)]
  0x0000020a2ca89690 JavaThread "Cache worker for cache directory md-rule (C:\Users\Dinithi Uththara\.gradle\caches\9.2.1\md-rule)"        [_thread_blocked, id=20148, stack(0x0000001332700000,0x0000001332800000) (1024K)]
  0x0000020a2ca8b0d0 JavaThread "Unconstrained build operations"        [_thread_blocked, id=20776, stack(0x0000001332800000,0x0000001332900000) (1024K)]
  0x0000020a2ca8b760 JavaThread "Unconstrained build operations Thread 2"        [_thread_blocked, id=2052, stack(0x0000001332c00000,0x0000001332d00000) (1024K)]
  0x0000020a2ca89d20 JavaThread "Unconstrained build operations Thread 3"        [_thread_blocked, id=22808, stack(0x0000001332d00000,0x0000001332e00000) (1024K)]
  0x0000020a2ca8a3b0 JavaThread "Unconstrained build operations Thread 4"        [_thread_blocked, id=1644, stack(0x0000001333100000,0x0000001333200000) (1024K)]
  0x0000020a2ca8aa40 JavaThread "Unconstrained build operations Thread 5"        [_thread_blocked, id=18020, stack(0x0000001333200000,0x0000001333300000) (1024K)]
  0x0000020a2ca8c480 JavaThread "Unconstrained build operations Thread 6"        [_thread_blocked, id=21880, stack(0x0000001333300000,0x0000001333400000) (1024K)]
  0x0000020a2c762e20 JavaThread "Unconstrained build operations Thread 7"        [_thread_blocked, id=27572, stack(0x0000001333400000,0x0000001333500000) (1024K)]
  0x0000020a2c761a70 JavaThread "Unconstrained build operations Thread 8"        [_thread_blocked, id=16964, stack(0x0000001333500000,0x0000001333600000) (1024K)]
  0x0000020a2c7613e0 JavaThread "Unconstrained build operations Thread 9"        [_thread_blocked, id=15068, stack(0x0000001333600000,0x0000001333700000) (1024K)]
  0x0000020a2c760d50 JavaThread "Unconstrained build operations Thread 10"        [_thread_blocked, id=23120, stack(0x0000001333700000,0x0000001333800000) (1024K)]
  0x0000020a2c762100 JavaThread "Unconstrained build operations Thread 11"        [_thread_blocked, id=26100, stack(0x0000001333800000,0x0000001333900000) (1024K)]
  0x0000020a2c762790 JavaThread "Unconstrained build operations Thread 12"        [_thread_blocked, id=5940, stack(0x0000001333900000,0x0000001333a00000) (1024K)]
  0x0000020a2c7634b0 JavaThread "Unconstrained build operations Thread 13"        [_thread_blocked, id=23768, stack(0x0000001333a00000,0x0000001333b00000) (1024K)]
  0x0000020a2c763b40 JavaThread "Unconstrained build operations Thread 14"        [_thread_blocked, id=15108, stack(0x0000001333b00000,0x0000001333c00000) (1024K)]
  0x0000020a2c7641d0 JavaThread "Unconstrained build operations Thread 15"        [_thread_blocked, id=7248, stack(0x0000001333c00000,0x0000001333d00000) (1024K)]
  0x0000020a3534f4b0 JavaThread "Unconstrained build operations Thread 16"        [_thread_blocked, id=18452, stack(0x0000001333d00000,0x0000001333e00000) (1024K)]
  0x0000020a370b3930 JavaThread "Unconstrained build operations Thread 17"        [_thread_blocked, id=28216, stack(0x0000001333e00000,0x0000001333f00000) (1024K)]
  0x0000020a370b5a00 JavaThread "Unconstrained build operations Thread 18"        [_thread_blocked, id=8248, stack(0x0000001333f00000,0x0000001334000000) (1024K)]
  0x0000020a370b6090 JavaThread "Unconstrained build operations Thread 19"        [_thread_blocked, id=10960, stack(0x0000001334000000,0x0000001334100000) (1024K)]
  0x0000020a3505a7c0 JavaThread "Unconstrained build operations Thread 20"        [_thread_blocked, id=17796, stack(0x0000001334100000,0x0000001334200000) (1024K)]
  0x0000020a36741a40 JavaThread "Unconstrained build operations Thread 21"        [_thread_blocked, id=16440, stack(0x0000001334200000,0x0000001334300000) (1024K)]
  0x0000020a3673f970 JavaThread "Unconstrained build operations Thread 22"        [_thread_blocked, id=3096, stack(0x0000001334300000,0x0000001334400000) (1024K)]
  0x0000020a2df046f0 JavaThread "Unconstrained build operations Thread 23"        [_thread_blocked, id=27224, stack(0x0000001334400000,0x0000001334500000) (1024K)]
  0x0000020a2df039d0 JavaThread "Unconstrained build operations Thread 24"        [_thread_blocked, id=18072, stack(0x0000001334700000,0x0000001334800000) (1024K)]
  0x0000020a2df02cb0 JavaThread "Unconstrained build operations Thread 25"        [_thread_blocked, id=11420, stack(0x0000001334800000,0x0000001334900000) (1024K)]
  0x0000020a2df04060 JavaThread "Unconstrained build operations Thread 26"        [_thread_blocked, id=14540, stack(0x0000001334900000,0x0000001334a00000) (1024K)]
  0x0000020a2df04d80 JavaThread "Unconstrained build operations Thread 27"        [_thread_blocked, id=27236, stack(0x0000001334a00000,0x0000001334b00000) (1024K)]
  0x0000020a2df06130 JavaThread "Unconstrained build operations Thread 28"        [_thread_blocked, id=20488, stack(0x0000001334b00000,0x0000001334c00000) (1024K)]
  0x0000020a2e9ce690 JavaThread "Unconstrained build operations Thread 29"        [_thread_blocked, id=11452, stack(0x0000001334c00000,0x0000001334d00000) (1024K)]
  0x0000020a2e9cfa40 JavaThread "Unconstrained build operations Thread 30"        [_thread_blocked, id=22832, stack(0x0000001334d00000,0x0000001334e00000) (1024K)]
  0x0000020a2e9d1b10 JavaThread "Unconstrained build operations Thread 31"        [_thread_blocked, id=11144, stack(0x0000001334e00000,0x0000001334f00000) (1024K)]
  0x0000020a2e9ced20 JavaThread "Unconstrained build operations Thread 32"        [_thread_blocked, id=26052, stack(0x0000001334f00000,0x0000001335000000) (1024K)]
  0x0000020a2e9d0760 JavaThread "Unconstrained build operations Thread 33"        [_thread_blocked, id=1784, stack(0x0000001335000000,0x0000001335100000) (1024K)]
  0x0000020a309dca20 JavaThread "Unconstrained build operations Thread 34"        [_thread_blocked, id=9528, stack(0x0000001335400000,0x0000001335500000) (1024K)]
  0x0000020a309dd0b0 JavaThread "Unconstrained build operations Thread 35"        [_thread_blocked, id=20960, stack(0x0000001335500000,0x0000001335600000) (1024K)]
  0x0000020a309db670 JavaThread "Unconstrained build operations Thread 36"        [_thread_blocked, id=29024, stack(0x0000001335600000,0x0000001335700000) (1024K)]
  0x0000020a309dafe0 JavaThread "Unconstrained build operations Thread 37"        [_thread_blocked, id=6384, stack(0x0000001335700000,0x0000001335800000) (1024K)]
  0x0000020a309dc390 JavaThread "Unconstrained build operations Thread 38"        [_thread_blocked, id=27436, stack(0x0000001335800000,0x0000001335900000) (1024K)]
  0x0000020a309dd740 JavaThread "Unconstrained build operations Thread 39"        [_thread_blocked, id=2700, stack(0x0000001335900000,0x0000001335a00000) (1024K)]
  0x0000020a309dddd0 JavaThread "Unconstrained build operations Thread 40"        [_thread_blocked, id=26296, stack(0x0000001335a00000,0x0000001335b00000) (1024K)]
  0x0000020a37780d10 JavaThread "Unconstrained build operations Thread 41"        [_thread_blocked, id=4664, stack(0x0000001335b00000,0x0000001335c00000) (1024K)]
  0x0000020a3777fff0 JavaThread "Unconstrained build operations Thread 42"        [_thread_blocked, id=26984, stack(0x0000001335c00000,0x0000001335d00000) (1024K)]
  0x0000020a37781a30 JavaThread "Unconstrained build operations Thread 43"        [_thread_blocked, id=19944, stack(0x0000001335d00000,0x0000001335e00000) (1024K)]
  0x0000020a37780680 JavaThread "Unconstrained build operations Thread 44"        [_thread_blocked, id=4872, stack(0x0000001335e00000,0x0000001335f00000) (1024K)]
  0x0000020a2c599b60 JavaThread "build event listener"              [_thread_blocked, id=9988, stack(0x0000001335f00000,0x0000001336000000) (1024K)]
  0x0000020a2c59a1f0 JavaThread "build event listener"              [_thread_blocked, id=25504, stack(0x0000001336000000,0x0000001336100000) (1024K)]
  0x0000020a304410c0 JavaThread "pool-13-thread-1"                  [_thread_blocked, id=21012, stack(0x0000001336100000,0x0000001336200000) (1024K)]
  0x0000020a30441de0 JavaThread "build event listener"              [_thread_blocked, id=19920, stack(0x0000001336300000,0x0000001336400000) (1024K)]
  0x0000020a30442b00 JavaThread "included builds"                   [_thread_blocked, id=23716, stack(0x0000001336500000,0x0000001336600000) (1024K)]
  0x0000020a2c59a880 JavaThread "Execution worker"                  [_thread_blocked, id=22072, stack(0x0000001336600000,0x0000001336700000) (1024K)]
  0x0000020a2c59bc30 JavaThread "Execution worker Thread 2"         [_thread_blocked, id=22368, stack(0x0000001336700000,0x0000001336800000) (1024K)]
  0x0000020a2c59c2c0 JavaThread "Execution worker Thread 3"         [_thread_blocked, id=3056, stack(0x0000001336800000,0x0000001336900000) (1024K)]
  0x0000020a2c59b5a0 JavaThread "Execution worker Thread 4"         [_thread_blocked, id=6404, stack(0x0000001336900000,0x0000001336a00000) (1024K)]
  0x0000020a37927310 JavaThread "Execution worker Thread 5"         [_thread_blocked, id=13840, stack(0x0000001336a00000,0x0000001336b00000) (1024K)]
  0x0000020a37925f60 JavaThread "Execution worker Thread 6"         [_thread_blocked, id=11180, stack(0x0000001336b00000,0x0000001336c00000) (1024K)]
  0x0000020a37923e90 JavaThread "Execution worker Thread 7"         [_thread_blocked, id=12088, stack(0x0000001336c00000,0x0000001336d00000) (1024K)]
  0x0000020a37924520 JavaThread "Execution worker Thread 8"         [_thread_blocked, id=3820, stack(0x0000001336d00000,0x0000001336e00000) (1024K)]
  0x0000020a379265f0 JavaThread "Execution worker Thread 9"         [_thread_blocked, id=18476, stack(0x0000001336e00000,0x0000001336f00000) (1024K)]
  0x0000020a37924bb0 JavaThread "Execution worker Thread 10"        [_thread_blocked, id=27792, stack(0x0000001336f00000,0x0000001337000000) (1024K)]
  0x0000020a3777f960 JavaThread "Execution worker Thread 11"        [_thread_blocked, id=23840, stack(0x0000001337000000,0x0000001337100000) (1024K)]
  0x0000020a2c7aaee0 JavaThread "Cache worker for execution history cache (C:\Users\Dinithi Uththara\Desktop\2nd year\2nd sem\Mobile\ToDo App\.gradle\9.2.1\executionHistory)"        [_thread_blocked, id=7812, stack(0x0000001337100000,0x0000001337200000) (1024K)]
Total: 106

Other Threads:
=>0x0000020a26ba1230 VMThread "VM Thread"                           [id=7972, stack(0x0000001330300000,0x0000001330400000) (1024K)]
  0x0000020a269da710 WatcherThread "VM Periodic Task Thread"        [id=14908, stack(0x0000001330200000,0x0000001330300000) (1024K)]
  0x0000020a0eef4610 WorkerThread "GC Thread#0"                     [id=17636, stack(0x000000132fd00000,0x000000132fe00000) (1024K)]
  0x0000020a2b1f5a50 WorkerThread "GC Thread#1"                     [id=4108, stack(0x0000001330f00000,0x0000001331000000) (1024K)]
  0x0000020a2b1c2960 WorkerThread "GC Thread#2"                     [id=23244, stack(0x0000001331000000,0x0000001331100000) (1024K)]
  0x0000020a2bbb1720 WorkerThread "GC Thread#3"                     [id=6436, stack(0x0000001331100000,0x0000001331200000) (1024K)]
  0x0000020a2b2bc630 WorkerThread "GC Thread#4"                     [id=22864, stack(0x0000001331200000,0x0000001331300000) (1024K)]
  0x0000020a2bbaf6e0 WorkerThread "GC Thread#5"                     [id=8972, stack(0x0000001331400000,0x0000001331500000) (1024K)]
  0x0000020a2cafda50 WorkerThread "GC Thread#6"                     [id=4404, stack(0x0000001331500000,0x0000001331600000) (1024K)]
  0x0000020a2be6aac0 WorkerThread "GC Thread#7"                     [id=8808, stack(0x0000001331600000,0x0000001331700000) (1024K)]
  0x0000020a2be6a380 WorkerThread "GC Thread#8"                     [id=27192, stack(0x0000001331700000,0x0000001331800000) (1024K)]
  0x0000020a2be6ae60 WorkerThread "GC Thread#9"                     [id=24344, stack(0x0000001331f00000,0x0000001332000000) (1024K)]
  0x0000020a0ef06510 ConcurrentGCThread "G1 Main Marker"            [id=8116, stack(0x000000132fe00000,0x000000132ff00000) (1024K)]
  0x0000020a0ef07d60 WorkerThread "G1 Conc#0"                       [id=8620, stack(0x000000132ff00000,0x0000001330000000) (1024K)]
  0x0000020a2be69c40 WorkerThread "G1 Conc#1"                       [id=28532, stack(0x0000001332000000,0x0000001332100000) (1024K)]
  0x0000020a2be6b200 WorkerThread "G1 Conc#2"                       [id=13964, stack(0x0000001332100000,0x0000001332200000) (1024K)]
  0x0000020a268ae6e0 ConcurrentGCThread "G1 Refine#0"               [id=23176, stack(0x0000001330000000,0x0000001330100000) (1024K)]
  0x0000020a268af060 ConcurrentGCThread "G1 Service"                [id=10936, stack(0x0000001330100000,0x0000001330200000) (1024K)]
Total: 18

Threads with active compile tasks:
Total: 0

VM state: at safepoint (normal execution)

VM Mutex/Monitor currently owned by a thread:  ([mutex/lock_event])
[0x00007fff4bb98690] Threads_lock - owner thread: 0x0000020a26ba1230
[0x00007fff4bb98790] Heap_lock - owner thread: 0x0000020a30442b00

Heap address: 0x0000000080000000, size: 2048 MB, Compressed Oops mode: 32-bit

CDS archive(s) not mapped
Compressed class space mapped at: 0x0000000100000000-0x0000000140000000, reserved size: 1073741824
Narrow klass base: 0x0000000000000000, Narrow klass shift: 3, Narrow klass range: 0x140000000

GC Precious Log:
 CardTable entry size: 512
 Card Set container configuration: InlinePtr #cards 5 size 8 Array Of Cards #cards 12 size 40 Howl #buckets 4 coarsen threshold 1843 Howl Bitmap #cards 512 size 80 coarsen threshold 460 Card regions per heap region 1 cards per card region 2048
 CPUs: 12 total, 12 available
 Memory: 7895M
 Large Page Support: Disabled
 NUMA Support: Disabled
 Compressed Oops: Enabled (32-bit)
 Heap Region Size: 1M
 Heap Min Capacity: 8M
 Heap Initial Capacity: 124M
 Heap Max Capacity: 2G
 Pre-touch: Disabled
 Parallel Workers: 10
 Concurrent Workers: 3
 Concurrent Refinement Workers: 10
 Periodic GC: Disabled

Heap:
 garbage-first heap   total 381952K, used 149318K [0x0000000080000000, 0x0000000100000000)
  region size 1024K, 5 young (5120K), 5 survivors (5120K)
 Metaspace       used 159425K, committed 164608K, reserved 1245184K
  class space    used 21850K, committed 23808K, reserved 1048576K

Heap Regions: E=young(eden), S=young(survivor), O=old, HS=humongous(starts), HC=humongous(continues), CS=collection set, F=free, TAMS=top-at-mark-start, PB=parsable bottom
|   0|0x0000000080000000, 0x0000000080100000, 0x0000000080100000|100%|HS|  |TAMS 0x0000000080000000| PB 0x0000000080000000| Complete 
|   1|0x0000000080100000, 0x0000000080200000, 0x0000000080200000|100%|HC|  |TAMS 0x0000000080100000| PB 0x0000000080100000| Complete 
|   2|0x0000000080200000, 0x0000000080300000, 0x0000000080300000|100%|HC|  |TAMS 0x0000000080200000| PB 0x0000000080200000| Complete 
|   3|0x0000000080300000, 0x0000000080400000, 0x0000000080400000|100%|HC|  |TAMS 0x0000000080300000| PB 0x0000000080300000| Complete 
|   4|0x0000000080400000, 0x0000000080500000, 0x0000000080500000|100%| O|  |TAMS 0x0000000080400000| PB 0x0000000080400000| Untracked 
|   5|0x0000000080500000, 0x0000000080600000, 0x0000000080600000|100%| O|  |TAMS 0x0000000080500000| PB 0x0000000080500000| Untracked 
|   6|0x0000000080600000, 0x0000000080700000, 0x0000000080700000|100%|HS|  |TAMS 0x0000000080600000| PB 0x0000000080600000| Complete 
|   7|0x0000000080700000, 0x0000000080800000, 0x0000000080800000|100%| O|  |TAMS 0x0000000080700000| PB 0x0000000080700000| Untracked 
|   8|0x0000000080800000, 0x0000000080900000, 0x0000000080900000|100%| O|  |TAMS 0x0000000080800000| PB 0x0000000080800000| Untracked 
|   9|0x0000000080900000, 0x0000000080a00000, 0x0000000080a00000|100%| O|  |TAMS 0x0000000080900000| PB 0x0000000080900000| Untracked 
|  10|0x0000000080a00000, 0x0000000080b00000, 0x0000000080b00000|100%|HS|  |TAMS 0x0000000080a00000| PB 0x0000000080a00000| Complete 
|  11|0x0000000080b00000, 0x0000000080c00000, 0x0000000080c00000|100%| O|  |TAMS 0x0000000080b00000| PB 0x0000000080b00000| Untracked 
|  12|0x0000000080c00000, 0x0000000080d00000, 0x0000000080d00000|100%| O|  |TAMS 0x0000000080c00000| PB 0x0000000080c00000| Untracked 
|  13|0x0000000080d00000, 0x0000000080e00000, 0x0000000080e00000|100%| O|  |TAMS 0x0000000080d00000| PB 0x0000000080d00000| Untracked 
|  14|0x0000000080e00000, 0x0000000080f00000, 0x0000000080f00000|100%| O|  |TAMS 0x0000000080e00000| PB 0x0000000080e00000| Untracked 
|  15|0x0000000080f00000, 0x0000000081000000, 0x0000000081000000|100%| O|  |TAMS 0x0000000080f00000| PB 0x0000000080f00000| Untracked 
|  16|0x0000000081000000, 0x0000000081100000, 0x0000000081100000|100%| O|  |TAMS 0x0000000081000000| PB 0x0000000081000000| Untracked 
|  17|0x0000000081100000, 0x0000000081200000, 0x0000000081200000|100%| O|  |TAMS 0x0000000081100000| PB 0x0000000081100000| Untracked 
|  18|0x0000000081200000, 0x0000000081300000, 0x0000000081300000|100%| O|  |TAMS 0x0000000081200000| PB 0x0000000081200000| Untracked 
|  19|0x0000000081300000, 0x0000000081400000, 0x0000000081400000|100%| O|  |TAMS 0x0000000081300000| PB 0x0000000081300000| Untracked 
|  20|0x0000000081400000, 0x0000000081500000, 0x0000000081500000|100%| O|  |TAMS 0x0000000081400000| PB 0x0000000081400000| Untracked 
|  21|0x0000000081500000, 0x0000000081600000, 0x0000000081600000|100%| O|  |TAMS 0x0000000081500000| PB 0x0000000081500000| Untracked 
|  22|0x0000000081600000, 0x0000000081700000, 0x0000000081700000|100%| O|  |TAMS 0x0000000081600000| PB 0x0000000081600000| Untracked 
|  23|0x0000000081700000, 0x0000000081800000, 0x0000000081800000|100%| O|  |TAMS 0x0000000081700000| PB 0x0000000081700000| Untracked 
|  24|0x0000000081800000, 0x0000000081900000, 0x0000000081900000|100%| O|  |TAMS 0x0000000081800000| PB 0x0000000081800000| Untracked 
|  25|0x0000000081900000, 0x0000000081a00000, 0x0000000081a00000|100%| O|  |TAMS 0x0000000081900000| PB 0x0000000081900000| Untracked 
|  26|0x0000000081a00000, 0x0000000081b00000, 0x0000000081b00000|100%| O|  |TAMS 0x0000000081a00000| PB 0x0000000081a00000| Untracked 
|  27|0x0000000081b00000, 0x0000000081c00000, 0x0000000081c00000|100%| O|  |TAMS 0x0000000081b00000| PB 0x0000000081b00000| Untracked 
|  28|0x0000000081c00000, 0x0000000081d00000, 0x0000000081d00000|100%| O|Cm|TAMS 0x0000000081c00000| PB 0x0000000081c00000| Complete 
|  29|0x0000000081d00000, 0x0000000081e00000, 0x0000000081e00000|100%| O|  |TAMS 0x0000000081d00000| PB 0x0000000081d00000| Untracked 
|  30|0x0000000081e00000, 0x0000000081f00000, 0x0000000081f00000|100%| O|  |TAMS 0x0000000081e00000| PB 0x0000000081e00000| Untracked 
|  31|0x0000000081f00000, 0x0000000082000000, 0x0000000082000000|100%| O|  |TAMS 0x0000000081f00000| PB 0x0000000081f00000| Untracked 
|  32|0x0000000082000000, 0x0000000082100000, 0x0000000082100000|100%| O|  |TAMS 0x0000000082000000| PB 0x0000000082000000| Untracked 
|  33|0x0000000082100000, 0x0000000082200000, 0x0000000082200000|100%| O|  |TAMS 0x0000000082100000| PB 0x0000000082100000| Untracked 
|  34|0x0000000082200000, 0x0000000082300000, 0x0000000082300000|100%| O|  |TAMS 0x0000000082200000| PB 0x0000000082200000| Untracked 
|  35|0x0000000082300000, 0x0000000082400000, 0x0000000082400000|100%|HS|  |TAMS 0x0000000082300000| PB 0x0000000082300000| Complete 
|  36|0x0000000082400000, 0x0000000082500000, 0x0000000082500000|100%|HC|  |TAMS 0x0000000082400000| PB 0x0000000082400000| Complete 
|  37|0x0000000082500000, 0x0000000082600000, 0x0000000082600000|100%| O|  |TAMS 0x0000000082500000| PB 0x0000000082500000| Untracked 
|  38|0x0000000082600000, 0x0000000082700000, 0x0000000082700000|100%| O|  |TAMS 0x0000000082600000| PB 0x0000000082600000| Untracked 
|  39|0x0000000082700000, 0x0000000082800000, 0x0000000082800000|100%| O|  |TAMS 0x0000000082700000| PB 0x0000000082700000| Untracked 
|  40|0x0000000082800000, 0x0000000082900000, 0x0000000082900000|100%| O|  |TAMS 0x0000000082800000| PB 0x0000000082800000| Untracked 
|  41|0x0000000082900000, 0x0000000082a00000, 0x0000000082a00000|100%| O|Cm|TAMS 0x0000000082900000| PB 0x0000000082900000| Complete 
|  42|0x0000000082a00000, 0x0000000082b00000, 0x0000000082b00000|100%| O|  |TAMS 0x0000000082a00000| PB 0x0000000082a00000| Untracked 
|  43|0x0000000082b00000, 0x0000000082c00000, 0x0000000082c00000|100%|HS|  |TAMS 0x0000000082b00000| PB 0x0000000082b00000| Complete 
|  44|0x0000000082c00000, 0x0000000082d00000, 0x0000000082d00000|100%|HS|  |TAMS 0x0000000082c00000| PB 0x0000000082c00000| Complete 
|  45|0x0000000082d00000, 0x0000000082e00000, 0x0000000082e00000|100%|HC|  |TAMS 0x0000000082d00000| PB 0x0000000082d00000| Complete 
|  46|0x0000000082e00000, 0x0000000082e00000, 0x0000000082f00000|  0%| F|  |TAMS 0x0000000082e00000| PB 0x0000000082e00000| Untracked 
|  47|0x0000000082f00000, 0x0000000083000000, 0x0000000083000000|100%| O|  |TAMS 0x0000000082f00000| PB 0x0000000082f00000| Untracked 
|  48|0x0000000083000000, 0x0000000083100000, 0x0000000083100000|100%| O|  |TAMS 0x0000000083000000| PB 0x0000000083000000| Untracked 
|  49|0x0000000083100000, 0x0000000083200000, 0x0000000083200000|100%| O|  |TAMS 0x0000000083100000| PB 0x0000000083100000| Untracked 
|  50|0x0000000083200000, 0x0000000083300000, 0x0000000083300000|100%| O|  |TAMS 0x0000000083200000| PB 0x0000000083200000| Untracked 
|  51|0x0000000083300000, 0x0000000083400000, 0x0000000083400000|100%| O|  |TAMS 0x0000000083300000| PB 0x0000000083300000| Untracked 
|  52|0x0000000083400000, 0x0000000083500000, 0x0000000083500000|100%| O|  |TAMS 0x0000000083400000| PB 0x0000000083400000| Untracked 
|  53|0x0000000083500000, 0x0000000083600000, 0x0000000083600000|100%| O|  |TAMS 0x0000000083500000| PB 0x0000000083500000| Untracked 
|  54|0x0000000083600000, 0x0000000083700000, 0x0000000083700000|100%|HS|  |TAMS 0x0000000083600000| PB 0x0000000083600000| Complete 
|  55|0x0000000083700000, 0x0000000083800000, 0x0000000083800000|100%|HS|  |TAMS 0x0000000083700000| PB 0x0000000083700000| Complete 
|  56|0x0000000083800000, 0x0000000083900000, 0x0000000083900000|100%| O|  |TAMS 0x0000000083800000| PB 0x0000000083800000| Untracked 
|  57|0x0000000083900000, 0x0000000083a00000, 0x0000000083a00000|100%| O|  |TAMS 0x0000000083900000| PB 0x0000000083900000| Untracked 
|  58|0x0000000083a00000, 0x0000000083b00000, 0x0000000083b00000|100%| O|  |TAMS 0x0000000083a00000| PB 0x0000000083a00000| Untracked 
|  59|0x0000000083b00000, 0x0000000083c00000, 0x0000000083c00000|100%|HS|  |TAMS 0x0000000083b00000| PB 0x0000000083b00000| Complete 
|  60|0x0000000083c00000, 0x0000000083d00000, 0x0000000083d00000|100%|HS|  |TAMS 0x0000000083c00000| PB 0x0000000083c00000| Complete 
|  61|0x0000000083d00000, 0x0000000083e00000, 0x0000000083e00000|100%|HS|  |TAMS 0x0000000083d00000| PB 0x0000000083d00000| Complete 
|  62|0x0000000083e00000, 0x0000000083f00000, 0x0000000083f00000|100%|HC|  |TAMS 0x0000000083e00000| PB 0x0000000083e00000| Complete 
|  63|0x0000000083f00000, 0x0000000084000000, 0x0000000084000000|100%| O|  |TAMS 0x0000000083f00000| PB 0x0000000083f00000| Untracked 
|  64|0x0000000084000000, 0x0000000084100000, 0x0000000084100000|100%| O|  |TAMS 0x0000000084000000| PB 0x0000000084000000| Untracked 
|  65|0x0000000084100000, 0x0000000084200000, 0x0000000084200000|100%| O|  |TAMS 0x0000000084100000| PB 0x0000000084100000| Untracked 
|  66|0x0000000084200000, 0x0000000084300000, 0x0000000084300000|100%| O|  |TAMS 0x0000000084200000| PB 0x0000000084200000| Untracked 
|  67|0x0000000084300000, 0x0000000084400000, 0x0000000084400000|100%| O|  |TAMS 0x0000000084300000| PB 0x0000000084300000| Untracked 
|  68|0x0000000084400000, 0x0000000084500000, 0x0000000084500000|100%| O|  |TAMS 0x0000000084400000| PB 0x0000000084400000| Untracked 
|  69|0x0000000084500000, 0x0000000084600000, 0x0000000084600000|100%| O|  |TAMS 0x0000000084500000| PB 0x0000000084500000| Untracked 
|  70|0x0000000084600000, 0x0000000084700000, 0x0000000084700000|100%| O|  |TAMS 0x0000000084600000| PB 0x0000000084600000| Untracked 
|  71|0x0000000084700000, 0x0000000084800000, 0x0000000084800000|100%| O|  |TAMS 0x0000000084700000| PB 0x0000000084700000| Untracked 
|  72|0x0000000084800000, 0x0000000084900000, 0x0000000084900000|100%|HS|  |TAMS 0x0000000084800000| PB 0x0000000084800000| Complete 
|  73|0x0000000084900000, 0x0000000084a00000, 0x0000000084a00000|100%| O|  |TAMS 0x0000000084900000| PB 0x0000000084900000| Untracked 
|  74|0x0000000084a00000, 0x0000000084b00000, 0x0000000084b00000|100%| O|  |TAMS 0x0000000084a00000| PB 0x0000000084a00000| Untracked 
|  75|0x0000000084b00000, 0x0000000084b00000, 0x0000000084c00000|  0%| F|  |TAMS 0x0000000084b00000| PB 0x0000000084b00000| Untracked 
|  76|0x0000000084c00000, 0x0000000084d00000, 0x0000000084d00000|100%| O|  |TAMS 0x0000000084c00000| PB 0x0000000084c00000| Untracked 
|  77|0x0000000084d00000, 0x0000000084e00000, 0x0000000084e00000|100%| O|Cm|TAMS 0x0000000084d00000| PB 0x0000000084d00000| Complete 
|  78|0x0000000084e00000, 0x0000000084f00000, 0x0000000084f00000|100%| O|  |TAMS 0x0000000084e00000| PB 0x0000000084e00000| Untracked 
|  79|0x0000000084f00000, 0x0000000085000000, 0x0000000085000000|100%| O|  |TAMS 0x0000000084f00000| PB 0x0000000084f00000| Untracked 
|  80|0x0000000085000000, 0x0000000085100000, 0x0000000085100000|100%| O|  |TAMS 0x0000000085000000| PB 0x0000000085000000| Untracked 
|  81|0x0000000085100000, 0x0000000085200000, 0x0000000085200000|100%| O|  |TAMS 0x0000000085100000| PB 0x0000000085100000| Untracked 
|  82|0x0000000085200000, 0x0000000085300000, 0x0000000085300000|100%| O|  |TAMS 0x0000000085200000| PB 0x0000000085200000| Untracked 
|  83|0x0000000085300000, 0x0000000085400000, 0x0000000085400000|100%| O|Cm|TAMS 0x0000000085300000| PB 0x0000000085300000| Complete 
|  84|0x0000000085400000, 0x0000000085500000, 0x0000000085500000|100%| O|  |TAMS 0x0000000085400000| PB 0x0000000085400000| Untracked 
|  85|0x0000000085500000, 0x0000000085600000, 0x0000000085600000|100%| O|  |TAMS 0x0000000085500000| PB 0x0000000085500000| Untracked 
|  86|0x0000000085600000, 0x0000000085700000, 0x0000000085700000|100%| O|  |TAMS 0x0000000085600000| PB 0x0000000085600000| Untracked 
|  87|0x0000000085700000, 0x0000000085800000, 0x0000000085800000|100%| O|  |TAMS 0x0000000085700000| PB 0x0000000085700000| Untracked 
|  88|0x0000000085800000, 0x0000000085900000, 0x0000000085900000|100%| O|  |TAMS 0x0000000085800000| PB 0x0000000085800000| Untracked 
|  89|0x0000000085900000, 0x0000000085a00000, 0x0000000085a00000|100%| O|  |TAMS 0x0000000085900000| PB 0x0000000085900000| Untracked 
|  90|0x0000000085a00000, 0x0000000085b00000, 0x0000000085b00000|100%| O|  |TAMS 0x0000000085a00000| PB 0x0000000085a00000| Untracked 
|  91|0x0000000085b00000, 0x0000000085c00000, 0x0000000085c00000|100%| O|Cm|TAMS 0x0000000085b00000| PB 0x0000000085b00000| Complete 
|  92|0x0000000085c00000, 0x0000000085c00000, 0x0000000085d00000|  0%| F|  |TAMS 0x0000000085c00000| PB 0x0000000085c00000| Untracked 
|  93|0x0000000085d00000, 0x0000000085e00000, 0x0000000085e00000|100%| O|  |TAMS 0x0000000085d00000| PB 0x0000000085d00000| Untracked 
|  94|0x0000000085e00000, 0x0000000085e00000, 0x0000000085f00000|  0%| F|  |TAMS 0x0000000085e00000| PB 0x0000000085e00000| Untracked 
|  95|0x0000000085f00000, 0x0000000086000000, 0x0000000086000000|100%| O|  |TAMS 0x0000000085f00000| PB 0x0000000085f00000| Untracked 
|  96|0x0000000086000000, 0x0000000086100000, 0x0000000086100000|100%| O|  |TAMS 0x0000000086000000| PB 0x0000000086000000| Untracked 
|  97|0x0000000086100000, 0x0000000086200000, 0x0000000086200000|100%| O|  |TAMS 0x0000000086100000| PB 0x0000000086100000| Untracked 
|  98|0x0000000086200000, 0x0000000086300000, 0x0000000086300000|100%| O|  |TAMS 0x0000000086200000| PB 0x0000000086200000| Untracked 
|  99|0x0000000086300000, 0x0000000086400000, 0x0000000086400000|100%| O|  |TAMS 0x0000000086300000| PB 0x0000000086300000| Untracked 
| 100|0x0000000086400000, 0x0000000086500000, 0x0000000086500000|100%| O|  |TAMS 0x0000000086400000| PB 0x0000000086400000| Untracked 
| 101|0x0000000086500000, 0x0000000086600000, 0x0000000086600000|100%| O|  |TAMS 0x0000000086500000| PB 0x0000000086500000| Untracked 
| 102|0x0000000086600000, 0x0000000086700000, 0x0000000086700000|100%| O|  |TAMS 0x0000000086600000| PB 0x0000000086600000| Untracked 
| 103|0x0000000086700000, 0x0000000086800000, 0x0000000086800000|100%| O|  |TAMS 0x0000000086700000| PB 0x0000000086700000| Untracked 
| 104|0x0000000086800000, 0x0000000086900000, 0x0000000086900000|100%| O|  |TAMS 0x0000000086800000| PB 0x0000000086800000| Untracked 
| 105|0x0000000086900000, 0x000000008690d0a8, 0x0000000086a00000|  5%| O|  |TAMS 0x0000000086900000| PB 0x0000000086900000| Untracked 
| 106|0x0000000086a00000, 0x0000000086a00000, 0x0000000086b00000|  0%| F|  |TAMS 0x0000000086a00000| PB 0x0000000086a00000| Untracked 
| 107|0x0000000086b00000, 0x0000000086c00000, 0x0000000086c00000|100%| O|  |TAMS 0x0000000086b00000| PB 0x0000000086b00000| Untracked 
| 108|0x0000000086c00000, 0x0000000086d00000, 0x0000000086d00000|100%| O|  |TAMS 0x0000000086c00000| PB 0x0000000086c00000| Untracked 
| 109|0x0000000086d00000, 0x0000000086e00000, 0x0000000086e00000|100%| O|  |TAMS 0x0000000086d00000| PB 0x0000000086d00000| Untracked 
| 110|0x0000000086e00000, 0x0000000086f00000, 0x0000000086f00000|100%| O|  |TAMS 0x0000000086e00000| PB 0x0000000086e00000| Untracked 
| 111|0x0000000086f00000, 0x0000000087000000, 0x0000000087000000|100%| O|  |TAMS 0x0000000086f00000| PB 0x0000000086f00000| Untracked 
| 112|0x0000000087000000, 0x0000000087100000, 0x0000000087100000|100%| O|  |TAMS 0x0000000087000000| PB 0x0000000087000000| Untracked 
| 113|0x0000000087100000, 0x0000000087200000, 0x0000000087200000|100%| O|  |TAMS 0x0000000087100000| PB 0x0000000087100000| Untracked 
| 114|0x0000000087200000, 0x0000000087300000, 0x0000000087300000|100%| O|  |TAMS 0x0000000087200000| PB 0x0000000087200000| Untracked 
| 115|0x0000000087300000, 0x0000000087400000, 0x0000000087400000|100%| O|  |TAMS 0x0000000087300000| PB 0x0000000087300000| Untracked 
| 116|0x0000000087400000, 0x0000000087500000, 0x0000000087500000|100%| O|  |TAMS 0x0000000087400000| PB 0x0000000087400000| Untracked 
| 117|0x0000000087500000, 0x0000000087600000, 0x0000000087600000|100%| O|  |TAMS 0x0000000087500000| PB 0x0000000087500000| Untracked 
| 118|0x0000000087600000, 0x0000000087600000, 0x0000000087700000|  0%| F|  |TAMS 0x0000000087600000| PB 0x0000000087600000| Untracked 
| 119|0x0000000087700000, 0x0000000087700000, 0x0000000087800000|  0%| F|  |TAMS 0x0000000087700000| PB 0x0000000087700000| Untracked 
| 120|0x0000000087800000, 0x0000000087800000, 0x0000000087900000|  0%| F|  |TAMS 0x0000000087800000| PB 0x0000000087800000| Untracked 
| 121|0x0000000087900000, 0x0000000087a00000, 0x0000000087a00000|100%| O|  |TAMS 0x0000000087900000| PB 0x0000000087900000| Untracked 
| 122|0x0000000087a00000, 0x0000000087a00000, 0x0000000087b00000|  0%| F|  |TAMS 0x0000000087a00000| PB 0x0000000087a00000| Untracked 
| 123|0x0000000087b00000, 0x0000000087b00000, 0x0000000087c00000|  0%| F|  |TAMS 0x0000000087b00000| PB 0x0000000087b00000| Untracked 
| 124|0x0000000087c00000, 0x0000000087c00000, 0x0000000087d00000|  0%| F|  |TAMS 0x0000000087c00000| PB 0x0000000087c00000| Untracked 
| 125|0x0000000087d00000, 0x0000000087d00000, 0x0000000087e00000|  0%| F|  |TAMS 0x0000000087d00000| PB 0x0000000087d00000| Untracked 
| 126|0x0000000087e00000, 0x0000000087f00000, 0x0000000087f00000|100%| O|  |TAMS 0x0000000087e00000| PB 0x0000000087e00000| Untracked 
| 127|0x0000000087f00000, 0x0000000088000000, 0x0000000088000000|100%| O|  |TAMS 0x0000000087f00000| PB 0x0000000087f00000| Untracked 
| 128|0x0000000088000000, 0x0000000088100000, 0x0000000088100000|100%| O|  |TAMS 0x0000000088000000| PB 0x0000000088000000| Untracked 
| 129|0x0000000088100000, 0x0000000088200000, 0x0000000088200000|100%| O|  |TAMS 0x0000000088100000| PB 0x0000000088100000| Untracked 
| 130|0x0000000088200000, 0x0000000088300000, 0x0000000088300000|100%| O|  |TAMS 0x0000000088200000| PB 0x0000000088200000| Untracked 
| 131|0x0000000088300000, 0x0000000088400000, 0x0000000088400000|100%| O|Cm|TAMS 0x0000000088300000| PB 0x0000000088300000| Complete 
| 132|0x0000000088400000, 0x0000000088500000, 0x0000000088500000|100%| O|Cm|TAMS 0x0000000088400000| PB 0x0000000088400000| Complete 
| 133|0x0000000088500000, 0x0000000088600000, 0x0000000088600000|100%| O|Cm|TAMS 0x0000000088500000| PB 0x0000000088500000| Complete 
| 134|0x0000000088600000, 0x0000000088700000, 0x0000000088700000|100%| O|  |TAMS 0x0000000088600000| PB 0x0000000088600000| Untracked 
| 135|0x0000000088700000, 0x0000000088800000, 0x0000000088800000|100%| O|  |TAMS 0x0000000088700000| PB 0x0000000088700000| Untracked 
| 136|0x0000000088800000, 0x0000000088900000, 0x0000000088900000|100%| O|  |TAMS 0x0000000088800000| PB 0x0000000088800000| Untracked 
| 137|0x0000000088900000, 0x0000000088a00000, 0x0000000088a00000|100%| O|  |TAMS 0x0000000088900000| PB 0x0000000088900000| Untracked 
| 138|0x0000000088a00000, 0x0000000088b00000, 0x0000000088b00000|100%| O|  |TAMS 0x0000000088a00000| PB 0x0000000088a00000| Untracked 
| 139|0x0000000088b00000, 0x0000000088b00000, 0x0000000088c00000|  0%| F|  |TAMS 0x0000000088b00000| PB 0x0000000088b00000| Untracked 
| 140|0x0000000088c00000, 0x0000000088d00000, 0x0000000088d00000|100%| O|Cm|TAMS 0x0000000088c00000| PB 0x0000000088c00000| Complete 
| 141|0x0000000088d00000, 0x0000000088d00000, 0x0000000088e00000|  0%| F|  |TAMS 0x0000000088d00000| PB 0x0000000088d00000| Untracked 
| 142|0x0000000088e00000, 0x0000000088e00000, 0x0000000088f00000|  0%| F|  |TAMS 0x0000000088e00000| PB 0x0000000088e00000| Untracked 
| 143|0x0000000088f00000, 0x0000000088f00000, 0x0000000089000000|  0%| F|  |TAMS 0x0000000088f00000| PB 0x0000000088f00000| Untracked 
| 144|0x0000000089000000, 0x0000000089000000, 0x0000000089100000|  0%| F|  |TAMS 0x0000000089000000| PB 0x0000000089000000| Untracked 
| 145|0x0000000089100000, 0x0000000089100000, 0x0000000089200000|  0%| F|  |TAMS 0x0000000089100000| PB 0x0000000089100000| Untracked 
| 146|0x0000000089200000, 0x0000000089200000, 0x0000000089300000|  0%| F|  |TAMS 0x0000000089200000| PB 0x0000000089200000| Untracked 
| 147|0x0000000089300000, 0x0000000089300000, 0x0000000089400000|  0%| F|  |TAMS 0x0000000089300000| PB 0x0000000089300000| Untracked 
| 148|0x0000000089400000, 0x0000000089400000, 0x0000000089500000|  0%| F|  |TAMS 0x0000000089400000| PB 0x0000000089400000| Untracked 
| 149|0x0000000089500000, 0x0000000089500000, 0x0000000089600000|  0%| F|  |TAMS 0x0000000089500000| PB 0x0000000089500000| Untracked 
| 150|0x0000000089600000, 0x0000000089600000, 0x0000000089700000|  0%| F|  |TAMS 0x0000000089600000| PB 0x0000000089600000| Untracked 
| 151|0x0000000089700000, 0x0000000089700000, 0x0000000089800000|  0%| F|  |TAMS 0x0000000089700000| PB 0x0000000089700000| Untracked 
| 152|0x0000000089800000, 0x0000000089800000, 0x0000000089900000|  0%| F|  |TAMS 0x0000000089800000| PB 0x0000000089800000| Untracked 
| 153|0x0000000089900000, 0x0000000089900000, 0x0000000089a00000|  0%| F|  |TAMS 0x0000000089900000| PB 0x0000000089900000| Untracked 
| 154|0x0000000089a00000, 0x0000000089a00000, 0x0000000089b00000|  0%| F|  |TAMS 0x0000000089a00000| PB 0x0000000089a00000| Untracked 
| 155|0x0000000089b00000, 0x0000000089b00000, 0x0000000089c00000|  0%| F|  |TAMS 0x0000000089b00000| PB 0x0000000089b00000| Untracked 
| 156|0x0000000089c00000, 0x0000000089c00000, 0x0000000089d00000|  0%| F|  |TAMS 0x0000000089c00000| PB 0x0000000089c00000| Untracked 
| 157|0x0000000089d00000, 0x0000000089d00000, 0x0000000089e00000|  0%| F|  |TAMS 0x0000000089d00000| PB 0x0000000089d00000| Untracked 
| 158|0x0000000089e00000, 0x0000000089e00000, 0x0000000089f00000|  0%| F|  |TAMS 0x0000000089e00000| PB 0x0000000089e00000| Untracked 
| 159|0x0000000089f00000, 0x0000000089f00000, 0x000000008a000000|  0%| F|  |TAMS 0x0000000089f00000| PB 0x0000000089f00000| Untracked 
| 160|0x000000008a000000, 0x000000008a000000, 0x000000008a100000|  0%| F|  |TAMS 0x000000008a000000| PB 0x000000008a000000| Untracked 
| 161|0x000000008a100000, 0x000000008a100000, 0x000000008a200000|  0%| F|  |TAMS 0x000000008a100000| PB 0x000000008a100000| Untracked 
| 162|0x000000008a200000, 0x000000008a200000, 0x000000008a300000|  0%| F|  |TAMS 0x000000008a200000| PB 0x000000008a200000| Untracked 
| 163|0x000000008a300000, 0x000000008a300000, 0x000000008a400000|  0%| F|  |TAMS 0x000000008a300000| PB 0x000000008a300000| Untracked 
| 164|0x000000008a400000, 0x000000008a400000, 0x000000008a500000|  0%| F|  |TAMS 0x000000008a400000| PB 0x000000008a400000| Untracked 
| 165|0x000000008a500000, 0x000000008a500000, 0x000000008a600000|  0%| F|  |TAMS 0x000000008a500000| PB 0x000000008a500000| Untracked 
| 166|0x000000008a600000, 0x000000008a600000, 0x000000008a700000|  0%| F|  |TAMS 0x000000008a600000| PB 0x000000008a600000| Untracked 
| 167|0x000000008a700000, 0x000000008a700000, 0x000000008a800000|  0%| F|  |TAMS 0x000000008a700000| PB 0x000000008a700000| Untracked 
| 168|0x000000008a800000, 0x000000008a800000, 0x000000008a900000|  0%| F|  |TAMS 0x000000008a800000| PB 0x000000008a800000| Untracked 
| 169|0x000000008a900000, 0x000000008a900000, 0x000000008aa00000|  0%| F|  |TAMS 0x000000008a900000| PB 0x000000008a900000| Untracked 
| 170|0x000000008aa00000, 0x000000008aa00000, 0x000000008ab00000|  0%| F|  |TAMS 0x000000008aa00000| PB 0x000000008aa00000| Untracked 
| 171|0x000000008ab00000, 0x000000008ab00000, 0x000000008ac00000|  0%| F|  |TAMS 0x000000008ab00000| PB 0x000000008ab00000| Untracked 
| 172|0x000000008ac00000, 0x000000008ac00000, 0x000000008ad00000|  0%| F|  |TAMS 0x000000008ac00000| PB 0x000000008ac00000| Untracked 
| 173|0x000000008ad00000, 0x000000008ad00000, 0x000000008ae00000|  0%| F|  |TAMS 0x000000008ad00000| PB 0x000000008ad00000| Untracked 
| 174|0x000000008ae00000, 0x000000008ae00000, 0x000000008af00000|  0%| F|  |TAMS 0x000000008ae00000| PB 0x000000008ae00000| Untracked 
| 175|0x000000008af00000, 0x000000008af00000, 0x000000008b000000|  0%| F|  |TAMS 0x000000008af00000| PB 0x000000008af00000| Untracked 
| 176|0x000000008b000000, 0x000000008b000000, 0x000000008b100000|  0%| F|  |TAMS 0x000000008b000000| PB 0x000000008b000000| Untracked 
| 177|0x000000008b100000, 0x000000008b100000, 0x000000008b200000|  0%| F|  |TAMS 0x000000008b100000| PB 0x000000008b100000| Untracked 
| 178|0x000000008b200000, 0x000000008b200000, 0x000000008b300000|  0%| F|  |TAMS 0x000000008b200000| PB 0x000000008b200000| Untracked 
| 179|0x000000008b300000, 0x000000008b300000, 0x000000008b400000|  0%| F|  |TAMS 0x000000008b300000| PB 0x000000008b300000| Untracked 
| 180|0x000000008b400000, 0x000000008b400000, 0x000000008b500000|  0%| F|  |TAMS 0x000000008b400000| PB 0x000000008b400000| Untracked 
| 181|0x000000008b500000, 0x000000008b500000, 0x000000008b600000|  0%| F|  |TAMS 0x000000008b500000| PB 0x000000008b500000| Untracked 
| 182|0x000000008b600000, 0x000000008b600000, 0x000000008b700000|  0%| F|  |TAMS 0x000000008b600000| PB 0x000000008b600000| Untracked 
| 183|0x000000008b700000, 0x000000008b700000, 0x000000008b800000|  0%| F|  |TAMS 0x000000008b700000| PB 0x000000008b700000| Untracked 
| 184|0x000000008b800000, 0x000000008b800000, 0x000000008b900000|  0%| F|  |TAMS 0x000000008b800000| PB 0x000000008b800000| Untracked 
| 185|0x000000008b900000, 0x000000008b900000, 0x000000008ba00000|  0%| F|  |TAMS 0x000000008b900000| PB 0x000000008b900000| Untracked 
| 186|0x000000008ba00000, 0x000000008ba00000, 0x000000008bb00000|  0%| F|  |TAMS 0x000000008ba00000| PB 0x000000008ba00000| Untracked 
| 187|0x000000008bb00000, 0x000000008bb00000, 0x000000008bc00000|  0%| F|  |TAMS 0x000000008bb00000| PB 0x000000008bb00000| Untracked 
| 188|0x000000008bc00000, 0x000000008bc00000, 0x000000008bd00000|  0%| F|  |TAMS 0x000000008bc00000| PB 0x000000008bc00000| Untracked 
| 189|0x000000008bd00000, 0x000000008bd00000, 0x000000008be00000|  0%| F|  |TAMS 0x000000008bd00000| PB 0x000000008bd00000| Untracked 
| 190|0x000000008be00000, 0x000000008be00000, 0x000000008bf00000|  0%| F|  |TAMS 0x000000008be00000| PB 0x000000008be00000| Untracked 
| 191|0x000000008bf00000, 0x000000008bf00000, 0x000000008c000000|  0%| F|  |TAMS 0x000000008bf00000| PB 0x000000008bf00000| Untracked 
| 192|0x000000008c000000, 0x000000008c000000, 0x000000008c100000|  0%| F|  |TAMS 0x000000008c000000| PB 0x000000008c000000| Untracked 
| 193|0x000000008c100000, 0x000000008c100000, 0x000000008c200000|  0%| F|  |TAMS 0x000000008c100000| PB 0x000000008c100000| Untracked 
| 194|0x000000008c200000, 0x000000008c200000, 0x000000008c300000|  0%| F|  |TAMS 0x000000008c200000| PB 0x000000008c200000| Untracked 
| 195|0x000000008c300000, 0x000000008c300000, 0x000000008c400000|  0%| F|  |TAMS 0x000000008c300000| PB 0x000000008c300000| Untracked 
| 196|0x000000008c400000, 0x000000008c400000, 0x000000008c500000|  0%| F|  |TAMS 0x000000008c400000| PB 0x000000008c400000| Untracked 
| 197|0x000000008c500000, 0x000000008c500000, 0x000000008c600000|  0%| F|  |TAMS 0x000000008c500000| PB 0x000000008c500000| Untracked 
| 198|0x000000008c600000, 0x000000008c600000, 0x000000008c700000|  0%| F|  |TAMS 0x000000008c600000| PB 0x000000008c600000| Untracked 
| 199|0x000000008c700000, 0x000000008c700000, 0x000000008c800000|  0%| F|  |TAMS 0x000000008c700000| PB 0x000000008c700000| Untracked 
| 200|0x000000008c800000, 0x000000008c800000, 0x000000008c900000|  0%| F|  |TAMS 0x000000008c800000| PB 0x000000008c800000| Untracked 
| 201|0x000000008c900000, 0x000000008c900000, 0x000000008ca00000|  0%| F|  |TAMS 0x000000008c900000| PB 0x000000008c900000| Untracked 
| 202|0x000000008ca00000, 0x000000008ca00000, 0x000000008cb00000|  0%| F|  |TAMS 0x000000008ca00000| PB 0x000000008ca00000| Untracked 
| 203|0x000000008cb00000, 0x000000008cb00000, 0x000000008cc00000|  0%| F|  |TAMS 0x000000008cb00000| PB 0x000000008cb00000| Untracked 
| 204|0x000000008cc00000, 0x000000008cc00000, 0x000000008cd00000|  0%| F|  |TAMS 0x000000008cc00000| PB 0x000000008cc00000| Untracked 
| 205|0x000000008cd00000, 0x000000008cd00000, 0x000000008ce00000|  0%| F|  |TAMS 0x000000008cd00000| PB 0x000000008cd00000| Untracked 
| 206|0x000000008ce00000, 0x000000008ce00000, 0x000000008cf00000|  0%| F|  |TAMS 0x000000008ce00000| PB 0x000000008ce00000| Untracked 
| 207|0x000000008cf00000, 0x000000008cf00000, 0x000000008d000000|  0%| F|  |TAMS 0x000000008cf00000| PB 0x000000008cf00000| Untracked 
| 208|0x000000008d000000, 0x000000008d000000, 0x000000008d100000|  0%| F|  |TAMS 0x000000008d000000| PB 0x000000008d000000| Untracked 
| 209|0x000000008d100000, 0x000000008d100000, 0x000000008d200000|  0%| F|  |TAMS 0x000000008d100000| PB 0x000000008d100000| Untracked 
| 210|0x000000008d200000, 0x000000008d200000, 0x000000008d300000|  0%| F|  |TAMS 0x000000008d200000| PB 0x000000008d200000| Untracked 
| 211|0x000000008d300000, 0x000000008d300000, 0x000000008d400000|  0%| F|  |TAMS 0x000000008d300000| PB 0x000000008d300000| Untracked 
| 212|0x000000008d400000, 0x000000008d400000, 0x000000008d500000|  0%| F|  |TAMS 0x000000008d400000| PB 0x000000008d400000| Untracked 
| 213|0x000000008d500000, 0x000000008d500000, 0x000000008d600000|  0%| F|  |TAMS 0x000000008d500000| PB 0x000000008d500000| Untracked 
| 214|0x000000008d600000, 0x000000008d600000, 0x000000008d700000|  0%| F|  |TAMS 0x000000008d600000| PB 0x000000008d600000| Untracked 
| 215|0x000000008d700000, 0x000000008d700000, 0x000000008d800000|  0%| F|  |TAMS 0x000000008d700000| PB 0x000000008d700000| Untracked 
| 216|0x000000008d800000, 0x000000008d800000, 0x000000008d900000|  0%| F|  |TAMS 0x000000008d800000| PB 0x000000008d800000| Untracked 
| 217|0x000000008d900000, 0x000000008d900000, 0x000000008da00000|  0%| F|  |TAMS 0x000000008d900000| PB 0x000000008d900000| Untracked 
| 218|0x000000008da00000, 0x000000008da00000, 0x000000008db00000|  0%| F|  |TAMS 0x000000008da00000| PB 0x000000008da00000| Untracked 
| 219|0x000000008db00000, 0x000000008db00000, 0x000000008dc00000|  0%| F|  |TAMS 0x000000008db00000| PB 0x000000008db00000| Untracked 
| 220|0x000000008dc00000, 0x000000008dc00000, 0x000000008dd00000|  0%| F|  |TAMS 0x000000008dc00000| PB 0x000000008dc00000| Untracked 
| 221|0x000000008dd00000, 0x000000008dd00000, 0x000000008de00000|  0%| F|  |TAMS 0x000000008dd00000| PB 0x000000008dd00000| Untracked 
| 222|0x000000008de00000, 0x000000008de00000, 0x000000008df00000|  0%| F|  |TAMS 0x000000008de00000| PB 0x000000008de00000| Untracked 
| 223|0x000000008df00000, 0x000000008df00000, 0x000000008e000000|  0%| F|  |TAMS 0x000000008df00000| PB 0x000000008df00000| Untracked 
| 224|0x000000008e000000, 0x000000008e000000, 0x000000008e100000|  0%| F|  |TAMS 0x000000008e000000| PB 0x000000008e000000| Untracked 
| 225|0x000000008e100000, 0x000000008e100000, 0x000000008e200000|  0%| F|  |TAMS 0x000000008e100000| PB 0x000000008e100000| Untracked 
| 226|0x000000008e200000, 0x000000008e200000, 0x000000008e300000|  0%| F|  |TAMS 0x000000008e200000| PB 0x000000008e200000| Untracked 
| 227|0x000000008e300000, 0x000000008e300000, 0x000000008e400000|  0%| F|  |TAMS 0x000000008e300000| PB 0x000000008e300000| Untracked 
| 228|0x000000008e400000, 0x000000008e400000, 0x000000008e500000|  0%| F|  |TAMS 0x000000008e400000| PB 0x000000008e400000| Untracked 
| 229|0x000000008e500000, 0x000000008e500000, 0x000000008e600000|  0%| F|  |TAMS 0x000000008e500000| PB 0x000000008e500000| Untracked 
| 230|0x000000008e600000, 0x000000008e600000, 0x000000008e700000|  0%| F|  |TAMS 0x000000008e600000| PB 0x000000008e600000| Untracked 
| 231|0x000000008e700000, 0x000000008e700000, 0x000000008e800000|  0%| F|  |TAMS 0x000000008e700000| PB 0x000000008e700000| Untracked 
| 232|0x000000008e800000, 0x000000008e800000, 0x000000008e900000|  0%| F|  |TAMS 0x000000008e800000| PB 0x000000008e800000| Untracked 
| 233|0x000000008e900000, 0x000000008e900000, 0x000000008ea00000|  0%| F|  |TAMS 0x000000008e900000| PB 0x000000008e900000| Untracked 
| 234|0x000000008ea00000, 0x000000008ea00000, 0x000000008eb00000|  0%| F|  |TAMS 0x000000008ea00000| PB 0x000000008ea00000| Untracked 
| 235|0x000000008eb00000, 0x000000008eb00000, 0x000000008ec00000|  0%| F|  |TAMS 0x000000008eb00000| PB 0x000000008eb00000| Untracked 
| 236|0x000000008ec00000, 0x000000008ec00000, 0x000000008ed00000|  0%| F|  |TAMS 0x000000008ec00000| PB 0x000000008ec00000| Untracked 
| 237|0x000000008ed00000, 0x000000008ed00000, 0x000000008ee00000|  0%| F|  |TAMS 0x000000008ed00000| PB 0x000000008ed00000| Untracked 
| 238|0x000000008ee00000, 0x000000008ee00000, 0x000000008ef00000|  0%| F|  |TAMS 0x000000008ee00000| PB 0x000000008ee00000| Untracked 
| 239|0x000000008ef00000, 0x000000008ef00000, 0x000000008f000000|  0%| F|  |TAMS 0x000000008ef00000| PB 0x000000008ef00000| Untracked 
| 240|0x000000008f000000, 0x000000008f000000, 0x000000008f100000|  0%| F|  |TAMS 0x000000008f000000| PB 0x000000008f000000| Untracked 
| 241|0x000000008f100000, 0x000000008f100000, 0x000000008f200000|  0%| F|  |TAMS 0x000000008f100000| PB 0x000000008f100000| Untracked 
| 242|0x000000008f200000, 0x000000008f200000, 0x000000008f300000|  0%| F|  |TAMS 0x000000008f200000| PB 0x000000008f200000| Untracked 
| 243|0x000000008f300000, 0x000000008f300000, 0x000000008f400000|  0%| F|  |TAMS 0x000000008f300000| PB 0x000000008f300000| Untracked 
| 244|0x000000008f400000, 0x000000008f400000, 0x000000008f500000|  0%| F|  |TAMS 0x000000008f400000| PB 0x000000008f400000| Untracked 
| 245|0x000000008f500000, 0x000000008f500000, 0x000000008f600000|  0%| F|  |TAMS 0x000000008f500000| PB 0x000000008f500000| Untracked 
| 246|0x000000008f600000, 0x000000008f600000, 0x000000008f700000|  0%| F|  |TAMS 0x000000008f600000| PB 0x000000008f600000| Untracked 
| 247|0x000000008f700000, 0x000000008f700000, 0x000000008f800000|  0%| F|  |TAMS 0x000000008f700000| PB 0x000000008f700000| Untracked 
| 248|0x000000008f800000, 0x000000008f800000, 0x000000008f900000|  0%| F|  |TAMS 0x000000008f800000| PB 0x000000008f800000| Untracked 
| 249|0x000000008f900000, 0x000000008f900000, 0x000000008fa00000|  0%| F|  |TAMS 0x000000008f900000| PB 0x000000008f900000| Untracked 
| 250|0x000000008fa00000, 0x000000008fa00000, 0x000000008fb00000|  0%| F|  |TAMS 0x000000008fa00000| PB 0x000000008fa00000| Untracked 
| 251|0x000000008fb00000, 0x000000008fb00000, 0x000000008fc00000|  0%| F|  |TAMS 0x000000008fb00000| PB 0x000000008fb00000| Untracked 
| 252|0x000000008fc00000, 0x000000008fc00000, 0x000000008fd00000|  0%| F|  |TAMS 0x000000008fc00000| PB 0x000000008fc00000| Untracked 
| 253|0x000000008fd00000, 0x000000008fd00000, 0x000000008fe00000|  0%| F|  |TAMS 0x000000008fd00000| PB 0x000000008fd00000| Untracked 
| 254|0x000000008fe00000, 0x000000008fe00000, 0x000000008ff00000|  0%| F|  |TAMS 0x000000008fe00000| PB 0x000000008fe00000| Untracked 
| 255|0x000000008ff00000, 0x000000008ff00000, 0x0000000090000000|  0%| F|  |TAMS 0x000000008ff00000| PB 0x000000008ff00000| Untracked 
| 256|0x0000000090000000, 0x0000000090000000, 0x0000000090100000|  0%| F|  |TAMS 0x0000000090000000| PB 0x0000000090000000| Untracked 
| 257|0x0000000090100000, 0x0000000090100000, 0x0000000090200000|  0%| F|  |TAMS 0x0000000090100000| PB 0x0000000090100000| Untracked 
| 258|0x0000000090200000, 0x0000000090200000, 0x0000000090300000|  0%| F|  |TAMS 0x0000000090200000| PB 0x0000000090200000| Untracked 
| 259|0x0000000090300000, 0x0000000090300000, 0x0000000090400000|  0%| F|  |TAMS 0x0000000090300000| PB 0x0000000090300000| Untracked 
| 260|0x0000000090400000, 0x0000000090400000, 0x0000000090500000|  0%| F|  |TAMS 0x0000000090400000| PB 0x0000000090400000| Untracked 
| 261|0x0000000090500000, 0x0000000090500000, 0x0000000090600000|  0%| F|  |TAMS 0x0000000090500000| PB 0x0000000090500000| Untracked 
| 262|0x0000000090600000, 0x0000000090600000, 0x0000000090700000|  0%| F|  |TAMS 0x0000000090600000| PB 0x0000000090600000| Untracked 
| 263|0x0000000090700000, 0x0000000090700000, 0x0000000090800000|  0%| F|  |TAMS 0x0000000090700000| PB 0x0000000090700000| Untracked 
| 264|0x0000000090800000, 0x0000000090800000, 0x0000000090900000|  0%| F|  |TAMS 0x0000000090800000| PB 0x0000000090800000| Untracked 
| 265|0x0000000090900000, 0x0000000090900000, 0x0000000090a00000|  0%| F|  |TAMS 0x0000000090900000| PB 0x0000000090900000| Untracked 
| 266|0x0000000090a00000, 0x0000000090a00000, 0x0000000090b00000|  0%| F|  |TAMS 0x0000000090a00000| PB 0x0000000090a00000| Untracked 
| 267|0x0000000090b00000, 0x0000000090b00000, 0x0000000090c00000|  0%| F|  |TAMS 0x0000000090b00000| PB 0x0000000090b00000| Untracked 
| 268|0x0000000090c00000, 0x0000000090c00000, 0x0000000090d00000|  0%| F|  |TAMS 0x0000000090c00000| PB 0x0000000090c00000| Untracked 
| 269|0x0000000090d00000, 0x0000000090d00000, 0x0000000090e00000|  0%| F|  |TAMS 0x0000000090d00000| PB 0x0000000090d00000| Untracked 
| 270|0x0000000090e00000, 0x0000000090e00000, 0x0000000090f00000|  0%| F|  |TAMS 0x0000000090e00000| PB 0x0000000090e00000| Untracked 
| 271|0x0000000090f00000, 0x0000000090f00000, 0x0000000091000000|  0%| F|  |TAMS 0x0000000090f00000| PB 0x0000000090f00000| Untracked 
| 272|0x0000000091000000, 0x0000000091000000, 0x0000000091100000|  0%| F|  |TAMS 0x0000000091000000| PB 0x0000000091000000| Untracked 
| 273|0x0000000091100000, 0x0000000091100000, 0x0000000091200000|  0%| F|  |TAMS 0x0000000091100000| PB 0x0000000091100000| Untracked 
| 274|0x0000000091200000, 0x0000000091200000, 0x0000000091300000|  0%| F|  |TAMS 0x0000000091200000| PB 0x0000000091200000| Untracked 
| 275|0x0000000091300000, 0x0000000091300000, 0x0000000091400000|  0%| F|  |TAMS 0x0000000091300000| PB 0x0000000091300000| Untracked 
| 276|0x0000000091400000, 0x0000000091400000, 0x0000000091500000|  0%| F|  |TAMS 0x0000000091400000| PB 0x0000000091400000| Untracked 
| 277|0x0000000091500000, 0x0000000091500000, 0x0000000091600000|  0%| F|  |TAMS 0x0000000091500000| PB 0x0000000091500000| Untracked 
| 278|0x0000000091600000, 0x0000000091600000, 0x0000000091700000|  0%| F|  |TAMS 0x0000000091600000| PB 0x0000000091600000| Untracked 
| 279|0x0000000091700000, 0x0000000091700000, 0x0000000091800000|  0%| F|  |TAMS 0x0000000091700000| PB 0x0000000091700000| Untracked 
| 280|0x0000000091800000, 0x0000000091800000, 0x0000000091900000|  0%| F|  |TAMS 0x0000000091800000| PB 0x0000000091800000| Untracked 
| 281|0x0000000091900000, 0x0000000091900000, 0x0000000091a00000|  0%| F|  |TAMS 0x0000000091900000| PB 0x0000000091900000| Untracked 
| 282|0x0000000091a00000, 0x0000000091a00000, 0x0000000091b00000|  0%| F|  |TAMS 0x0000000091a00000| PB 0x0000000091a00000| Untracked 
| 283|0x0000000091b00000, 0x0000000091b00000, 0x0000000091c00000|  0%| F|  |TAMS 0x0000000091b00000| PB 0x0000000091b00000| Untracked 
| 284|0x0000000091c00000, 0x0000000091c00000, 0x0000000091d00000|  0%| F|  |TAMS 0x0000000091c00000| PB 0x0000000091c00000| Untracked 
| 285|0x0000000091d00000, 0x0000000091d00000, 0x0000000091e00000|  0%| F|  |TAMS 0x0000000091d00000| PB 0x0000000091d00000| Untracked 
| 286|0x0000000091e00000, 0x0000000091e00000, 0x0000000091f00000|  0%| F|  |TAMS 0x0000000091e00000| PB 0x0000000091e00000| Untracked 
| 287|0x0000000091f00000, 0x0000000091f00000, 0x0000000092000000|  0%| F|  |TAMS 0x0000000091f00000| PB 0x0000000091f00000| Untracked 
| 288|0x0000000092000000, 0x0000000092000000, 0x0000000092100000|  0%| F|  |TAMS 0x0000000092000000| PB 0x0000000092000000| Untracked 
| 289|0x0000000092100000, 0x0000000092100000, 0x0000000092200000|  0%| F|  |TAMS 0x0000000092100000| PB 0x0000000092100000| Untracked 
| 290|0x0000000092200000, 0x0000000092200000, 0x0000000092300000|  0%| F|  |TAMS 0x0000000092200000| PB 0x0000000092200000| Untracked 
| 291|0x0000000092300000, 0x0000000092300000, 0x0000000092400000|  0%| F|  |TAMS 0x0000000092300000| PB 0x0000000092300000| Untracked 
| 292|0x0000000092400000, 0x0000000092400000, 0x0000000092500000|  0%| F|  |TAMS 0x0000000092400000| PB 0x0000000092400000| Untracked 
| 293|0x0000000092500000, 0x0000000092500000, 0x0000000092600000|  0%| F|  |TAMS 0x0000000092500000| PB 0x0000000092500000| Untracked 
| 294|0x0000000092600000, 0x0000000092600000, 0x0000000092700000|  0%| F|  |TAMS 0x0000000092600000| PB 0x0000000092600000| Untracked 
| 295|0x0000000092700000, 0x0000000092700000, 0x0000000092800000|  0%| F|  |TAMS 0x0000000092700000| PB 0x0000000092700000| Untracked 
| 296|0x0000000092800000, 0x0000000092800000, 0x0000000092900000|  0%| F|  |TAMS 0x0000000092800000| PB 0x0000000092800000| Untracked 
| 297|0x0000000092900000, 0x00000000929c4b30, 0x0000000092a00000| 76%| S|CS|TAMS 0x0000000092900000| PB 0x0000000092900000| Complete 
| 298|0x0000000092a00000, 0x0000000092b00000, 0x0000000092b00000|100%| S|CS|TAMS 0x0000000092a00000| PB 0x0000000092a00000| Complete 
| 299|0x0000000092b00000, 0x0000000092c00000, 0x0000000092c00000|100%| S|CS|TAMS 0x0000000092b00000| PB 0x0000000092b00000| Complete 
| 300|0x0000000092c00000, 0x0000000092d00000, 0x0000000092d00000|100%| S|CS|TAMS 0x0000000092c00000| PB 0x0000000092c00000| Complete 
| 301|0x0000000092d00000, 0x0000000092e00000, 0x0000000092e00000|100%| S|CS|TAMS 0x0000000092d00000| PB 0x0000000092d00000| Complete 
| 302|0x0000000092e00000, 0x0000000092e00000, 0x0000000092f00000|  0%| F|  |TAMS 0x0000000092e00000| PB 0x0000000092e00000| Untracked 
| 303|0x0000000092f00000, 0x0000000092f00000, 0x0000000093000000|  0%| F|  |TAMS 0x0000000092f00000| PB 0x0000000092f00000| Untracked 
| 304|0x0000000093000000, 0x0000000093000000, 0x0000000093100000|  0%| F|  |TAMS 0x0000000093000000| PB 0x0000000093000000| Untracked 
| 305|0x0000000093100000, 0x0000000093100000, 0x0000000093200000|  0%| F|  |TAMS 0x0000000093100000| PB 0x0000000093100000| Untracked 
| 306|0x0000000093200000, 0x0000000093200000, 0x0000000093300000|  0%| F|  |TAMS 0x0000000093200000| PB 0x0000000093200000| Untracked 
| 307|0x0000000093300000, 0x0000000093300000, 0x0000000093400000|  0%| F|  |TAMS 0x0000000093300000| PB 0x0000000093300000| Untracked 
| 308|0x0000000093400000, 0x0000000093400000, 0x0000000093500000|  0%| F|  |TAMS 0x0000000093400000| PB 0x0000000093400000| Untracked 
| 309|0x0000000093500000, 0x0000000093500000, 0x0000000093600000|  0%| F|  |TAMS 0x0000000093500000| PB 0x0000000093500000| Untracked 
| 310|0x0000000093600000, 0x0000000093600000, 0x0000000093700000|  0%| F|  |TAMS 0x0000000093600000| PB 0x0000000093600000| Untracked 
| 311|0x0000000093700000, 0x0000000093700000, 0x0000000093800000|  0%| F|  |TAMS 0x0000000093700000| PB 0x0000000093700000| Untracked 
| 312|0x0000000093800000, 0x0000000093800000, 0x0000000093900000|  0%| F|  |TAMS 0x0000000093800000| PB 0x0000000093800000| Untracked 
| 313|0x0000000093900000, 0x0000000093900000, 0x0000000093a00000|  0%| F|  |TAMS 0x0000000093900000| PB 0x0000000093900000| Untracked 
| 314|0x0000000093a00000, 0x0000000093a00000, 0x0000000093b00000|  0%| F|  |TAMS 0x0000000093a00000| PB 0x0000000093a00000| Untracked 
| 315|0x0000000093b00000, 0x0000000093b00000, 0x0000000093c00000|  0%| F|  |TAMS 0x0000000093b00000| PB 0x0000000093b00000| Untracked 
| 316|0x0000000093c00000, 0x0000000093c00000, 0x0000000093d00000|  0%| F|  |TAMS 0x0000000093c00000| PB 0x0000000093c00000| Untracked 
| 317|0x0000000093d00000, 0x0000000093d00000, 0x0000000093e00000|  0%| F|  |TAMS 0x0000000093d00000| PB 0x0000000093d00000| Untracked 
| 318|0x0000000093e00000, 0x0000000093e00000, 0x0000000093f00000|  0%| F|  |TAMS 0x0000000093e00000| PB 0x0000000093e00000| Untracked 
| 319|0x0000000093f00000, 0x0000000093f00000, 0x0000000094000000|  0%| F|  |TAMS 0x0000000093f00000| PB 0x0000000093f00000| Untracked 
| 320|0x0000000094000000, 0x0000000094000000, 0x0000000094100000|  0%| F|  |TAMS 0x0000000094000000| PB 0x0000000094000000| Untracked 
| 321|0x0000000094100000, 0x0000000094100000, 0x0000000094200000|  0%| F|  |TAMS 0x0000000094100000| PB 0x0000000094100000| Untracked 
| 322|0x0000000094200000, 0x0000000094200000, 0x0000000094300000|  0%| F|  |TAMS 0x0000000094200000| PB 0x0000000094200000| Untracked 
| 323|0x0000000094300000, 0x0000000094300000, 0x0000000094400000|  0%| F|  |TAMS 0x0000000094300000| PB 0x0000000094300000| Untracked 
| 324|0x0000000094400000, 0x0000000094400000, 0x0000000094500000|  0%| F|  |TAMS 0x0000000094400000| PB 0x0000000094400000| Untracked 
| 325|0x0000000094500000, 0x0000000094500000, 0x0000000094600000|  0%| F|  |TAMS 0x0000000094500000| PB 0x0000000094500000| Untracked 
| 326|0x0000000094600000, 0x0000000094600000, 0x0000000094700000|  0%| F|  |TAMS 0x0000000094600000| PB 0x0000000094600000| Untracked 
| 327|0x0000000094700000, 0x0000000094700000, 0x0000000094800000|  0%| F|  |TAMS 0x0000000094700000| PB 0x0000000094700000| Untracked 
| 328|0x0000000094800000, 0x0000000094800000, 0x0000000094900000|  0%| F|  |TAMS 0x0000000094800000| PB 0x0000000094800000| Untracked 
| 329|0x0000000094900000, 0x0000000094900000, 0x0000000094a00000|  0%| F|  |TAMS 0x0000000094900000| PB 0x0000000094900000| Untracked 
| 330|0x0000000094a00000, 0x0000000094a00000, 0x0000000094b00000|  0%| F|  |TAMS 0x0000000094a00000| PB 0x0000000094a00000| Untracked 
| 331|0x0000000094b00000, 0x0000000094b00000, 0x0000000094c00000|  0%| F|  |TAMS 0x0000000094b00000| PB 0x0000000094b00000| Untracked 
| 332|0x0000000094c00000, 0x0000000094c00000, 0x0000000094d00000|  0%| F|  |TAMS 0x0000000094c00000| PB 0x0000000094c00000| Untracked 
| 333|0x0000000094d00000, 0x0000000094d00000, 0x0000000094e00000|  0%| F|  |TAMS 0x0000000094d00000| PB 0x0000000094d00000| Untracked 
| 334|0x0000000094e00000, 0x0000000094e00000, 0x0000000094f00000|  0%| F|  |TAMS 0x0000000094e00000| PB 0x0000000094e00000| Untracked 
| 335|0x0000000094f00000, 0x0000000094f00000, 0x0000000095000000|  0%| F|  |TAMS 0x0000000094f00000| PB 0x0000000094f00000| Untracked 
| 336|0x0000000095000000, 0x0000000095000000, 0x0000000095100000|  0%| F|  |TAMS 0x0000000095000000| PB 0x0000000095000000| Untracked 
| 337|0x0000000095100000, 0x0000000095100000, 0x0000000095200000|  0%| F|  |TAMS 0x0000000095100000| PB 0x0000000095100000| Untracked 
| 338|0x0000000095200000, 0x0000000095200000, 0x0000000095300000|  0%| F|  |TAMS 0x0000000095200000| PB 0x0000000095200000| Untracked 
|2014|0x00000000fde00000, 0x00000000fde00000, 0x00000000fdf00000|  0%| F|  |TAMS 0x00000000fde00000| PB 0x00000000fde00000| Untracked 
|2015|0x00000000fdf00000, 0x00000000fdf00000, 0x00000000fe000000|  0%| F|  |TAMS 0x00000000fdf00000| PB 0x00000000fdf00000| Untracked 
|2016|0x00000000fe000000, 0x00000000fe000000, 0x00000000fe100000|  0%| F|  |TAMS 0x00000000fe000000| PB 0x00000000fe000000| Untracked 
|2017|0x00000000fe100000, 0x00000000fe100000, 0x00000000fe200000|  0%| F|  |TAMS 0x00000000fe100000| PB 0x00000000fe100000| Untracked 
|2018|0x00000000fe200000, 0x00000000fe200000, 0x00000000fe300000|  0%| F|  |TAMS 0x00000000fe200000| PB 0x00000000fe200000| Untracked 
|2019|0x00000000fe300000, 0x00000000fe300000, 0x00000000fe400000|  0%| F|  |TAMS 0x00000000fe300000| PB 0x00000000fe300000| Untracked 
|2020|0x00000000fe400000, 0x00000000fe400000, 0x00000000fe500000|  0%| F|  |TAMS 0x00000000fe400000| PB 0x00000000fe400000| Untracked 
|2021|0x00000000fe500000, 0x00000000fe600000, 0x00000000fe600000|100%| O|  |TAMS 0x00000000fe500000| PB 0x00000000fe500000| Untracked 
|2022|0x00000000fe600000, 0x00000000fe700000, 0x00000000fe700000|100%| O|Cm|TAMS 0x00000000fe600000| PB 0x00000000fe600000| Complete 
|2023|0x00000000fe700000, 0x00000000fe700000, 0x00000000fe800000|  0%| F|  |TAMS 0x00000000fe700000| PB 0x00000000fe700000| Untracked 
|2024|0x00000000fe800000, 0x00000000fe800000, 0x00000000fe900000|  0%| F|  |TAMS 0x00000000fe800000| PB 0x00000000fe800000| Untracked 
|2025|0x00000000fe900000, 0x00000000fe900000, 0x00000000fea00000|  0%| F|  |TAMS 0x00000000fe900000| PB 0x00000000fe900000| Untracked 
|2026|0x00000000fea00000, 0x00000000fea00000, 0x00000000feb00000|  0%| F|  |TAMS 0x00000000fea00000| PB 0x00000000fea00000| Untracked 
|2027|0x00000000feb00000, 0x00000000fec00000, 0x00000000fec00000|100%| O|  |TAMS 0x00000000feb00000| PB 0x00000000feb00000| Untracked 
|2028|0x00000000fec00000, 0x00000000fec00000, 0x00000000fed00000|  0%| F|  |TAMS 0x00000000fec00000| PB 0x00000000fec00000| Untracked 
|2029|0x00000000fed00000, 0x00000000fee00000, 0x00000000fee00000|100%| O|  |TAMS 0x00000000fed00000| PB 0x00000000fed00000| Untracked 
|2030|0x00000000fee00000, 0x00000000fef00000, 0x00000000fef00000|100%| O|  |TAMS 0x00000000fee00000| PB 0x00000000fee00000| Untracked 
|2031|0x00000000fef00000, 0x00000000fef00000, 0x00000000ff000000|  0%| F|  |TAMS 0x00000000fef00000| PB 0x00000000fef00000| Untracked 
|2032|0x00000000ff000000, 0x00000000ff000000, 0x00000000ff100000|  0%| F|  |TAMS 0x00000000ff000000| PB 0x00000000ff000000| Untracked 
|2033|0x00000000ff100000, 0x00000000ff200000, 0x00000000ff200000|100%| O|  |TAMS 0x00000000ff100000| PB 0x00000000ff100000| Untracked 
|2034|0x00000000ff200000, 0x00000000ff200000, 0x00000000ff300000|  0%| F|  |TAMS 0x00000000ff200000| PB 0x00000000ff200000| Untracked 
|2035|0x00000000ff300000, 0x00000000ff300000, 0x00000000ff400000|  0%| F|  |TAMS 0x00000000ff300000| PB 0x00000000ff300000| Untracked 
|2036|0x00000000ff400000, 0x00000000ff500000, 0x00000000ff500000|100%| O|  |TAMS 0x00000000ff400000| PB 0x00000000ff400000| Untracked 
|2037|0x00000000ff500000, 0x00000000ff500000, 0x00000000ff600000|  0%| F|  |TAMS 0x00000000ff500000| PB 0x00000000ff500000| Untracked 
|2038|0x00000000ff600000, 0x00000000ff700000, 0x00000000ff700000|100%| O|  |TAMS 0x00000000ff600000| PB 0x00000000ff600000| Untracked 
|2039|0x00000000ff700000, 0x00000000ff700000, 0x00000000ff800000|  0%| F|  |TAMS 0x00000000ff700000| PB 0x00000000ff700000| Untracked 
|2040|0x00000000ff800000, 0x00000000ff800000, 0x00000000ff900000|  0%| F|  |TAMS 0x00000000ff800000| PB 0x00000000ff800000| Untracked 
|2041|0x00000000ff900000, 0x00000000ff900000, 0x00000000ffa00000|  0%| F|  |TAMS 0x00000000ff900000| PB 0x00000000ff900000| Untracked 
|2042|0x00000000ffa00000, 0x00000000ffb00000, 0x00000000ffb00000|100%| O|  |TAMS 0x00000000ffa00000| PB 0x00000000ffa00000| Untracked 
|2043|0x00000000ffb00000, 0x00000000ffc00000, 0x00000000ffc00000|100%| O|  |TAMS 0x00000000ffb00000| PB 0x00000000ffb00000| Untracked 
|2044|0x00000000ffc00000, 0x00000000ffd00000, 0x00000000ffd00000|100%| O|  |TAMS 0x00000000ffc00000| PB 0x00000000ffc00000| Untracked 
|2045|0x00000000ffd00000, 0x00000000ffe00000, 0x00000000ffe00000|100%| O|  |TAMS 0x00000000ffd00000| PB 0x00000000ffd00000| Untracked 
|2046|0x00000000ffe00000, 0x00000000fff00000, 0x00000000fff00000|100%| O|  |TAMS 0x00000000ffe00000| PB 0x00000000ffe00000| Untracked 
|2047|0x00000000fff00000, 0x0000000100000000, 0x0000000100000000|100%| O|Cm|TAMS 0x00000000fff00000| PB 0x00000000fff00000| Complete 

Card table byte_map: [0x0000020a21980000,0x0000020a21d80000] _byte_map_base: 0x0000020a21580000

Marking Bits: (CMBitMap*) 0x0000020a0eef5c30
 Bits: [0x0000020a21d80000, 0x0000020a23d80000)

Polling page: 0x0000020a0cca0000

Metaspace:

Usage:
  Non-class:    134.35 MB used.
      Class:     21.34 MB used.
       Both:    155.69 MB used.

Virtual space:
  Non-class space:      192.00 MB reserved,     137.50 MB ( 72%) committed,  3 nodes.
      Class space:        1.00 GB reserved,      23.25 MB (  2%) committed,  1 nodes.
             Both:        1.19 GB reserved,     160.75 MB ( 13%) committed. 

Chunk freelists:
   Non-Class:  8.67 MB
       Class:  9.87 MB
        Both:  18.54 MB

MaxMetaspaceSize: unlimited
CompressedClassSpaceSize: 1.00 GB
Initial GC threshold: 21.00 MB
Current GC threshold: 267.81 MB
CDS: off
 - commit_granule_bytes: 65536.
 - commit_granule_words: 8192.
 - virtual_space_node_default_size: 8388608.
 - enlarge_chunks_in_place: 1.
 - use_allocation_guard: 0.


Internal statistics:

num_allocs_failed_limit: 12.
num_arena_births: 5078.
num_arena_deaths: 2778.
num_vsnodes_births: 4.
num_vsnodes_deaths: 0.
num_space_committed: 2572.
num_space_uncommitted: 2.
num_chunks_returned_to_freelist: 3213.
num_chunks_taken_from_freelist: 11946.
num_chunk_merges: 1152.
num_chunk_splits: 7742.
num_chunks_enlarged: 5043.
num_inconsistent_stats: 0.

CodeHeap 'non-profiled nmethods': size=120000Kb used=8729Kb max_used=11601Kb free=111270Kb
 bounds [0x0000020a19ad0000, 0x0000020a1a630000, 0x0000020a21000000]
CodeHeap 'profiled nmethods': size=120000Kb used=18551Kb max_used=31301Kb free=101448Kb
 bounds [0x0000020a12000000, 0x0000020a13ea0000, 0x0000020a19530000]
CodeHeap 'non-nmethods': size=5760Kb used=2141Kb max_used=2190Kb free=3618Kb
 bounds [0x0000020a19530000, 0x0000020a197a0000, 0x0000020a19ad0000]
CodeCache: size=245760Kb, used=29421Kb, max_used=45092Kb, free=216336Kb
 total_blobs=11136, nmethods=10137, adapters=902, full_count=0
Compilation: enabled, stopped_count=0, restarted_count=0

Compilation events (20 events):
Event: 2831.143 Thread 0x0000020a26c36a60 nmethod 22291 0x0000020a136c2290 code [0x0000020a136c2460, 0x0000020a136c2778]
Event: 2831.143 Thread 0x0000020a26c36a60 22292       3       org.gradle.internal.component.external.model.AbstractModuleComponentResolveMetadata::getStatus (16 bytes)
Event: 2831.143 Thread 0x0000020a26c36a60 nmethod 22292 0x0000020a134f5b90 code [0x0000020a134f5d40, 0x0000020a134f5ff8]
Event: 2831.143 Thread 0x0000020a26c36a60 22293       3       org.gradle.internal.component.external.model.maven.DefaultMavenModuleResolveMetadata::withSources (6 bytes)
Event: 2831.143 Thread 0x0000020a26c36a60 nmethod 22293 0x0000020a136f6590 code [0x0000020a136f6740, 0x0000020a136f6880]
Event: 2831.143 Thread 0x0000020a26c36a60 22294       3       org.gradle.internal.component.external.model.maven.DefaultMavenModuleResolveMetadata::withSources (14 bytes)
Event: 2831.143 Thread 0x0000020a26c36a60 nmethod 22294 0x0000020a135b5210 code [0x0000020a135b53c0, 0x0000020a135b5660]
Event: 2831.286 Thread 0x0000020a26c36a60 22296       1       com.google.common.collect.RegularImmutableAsList::delegateCollection (5 bytes)
Event: 2831.286 Thread 0x0000020a26c36a60 nmethod 22296 0x0000020a19c2ec90 code [0x0000020a19c2ee20, 0x0000020a19c2eee8]
Event: 2831.296 Thread 0x0000020a26c35e90 nmethod 22262 0x0000020a1a026510 code [0x0000020a1a026e00, 0x0000020a1a02c900]
Event: 2831.296 Thread 0x0000020a26c35e90 22250       4       com.esotericsoftware.kryo.io.Output::writeBytes (90 bytes)
Event: 2831.300 Thread 0x0000020a26c35e90 nmethod 22250 0x0000020a19fbf690 code [0x0000020a19fbf840, 0x0000020a19fbfb78]
Event: 2831.300 Thread 0x0000020a26c35e90 22242       4       java.io.DataInputStream::readInt (19 bytes)
Event: 2831.304 Thread 0x0000020a26c35e90 nmethod 22242 0x0000020a1a067c10 code [0x0000020a1a067dc0, 0x0000020a1a067f98]
Event: 2831.305 Thread 0x0000020a26c35e90 22240       4       java.io.ObjectInputStream$PeekInputStream::peek (49 bytes)
Event: 2831.307 Thread 0x0000020a26c35e90 nmethod 22240 0x0000020a19c33110 code [0x0000020a19c332c0, 0x0000020a19c335b0]
Event: 2831.307 Thread 0x0000020a26c35e90 22251       4       org.gradle.internal.serialize.kryo.KryoBackedEncoder::writeBytes (11 bytes)
Event: 2831.312 Thread 0x0000020a26c35e90 nmethod 22251 0x0000020a1a262790 code [0x0000020a1a262940, 0x0000020a1a262c98]
Event: 2831.312 Thread 0x0000020a26c35e90 22270       4       org.gradle.api.internal.tasks.properties.AbstractValidatingProperty::cleanupValue (1 bytes)
Event: 2831.312 Thread 0x0000020a26c35e90 nmethod 22270 0x0000020a19c39390 code [0x0000020a19c39520, 0x0000020a19c395a8]

GC Heap History (20 events):
Event: 2563.803 GC heap after
{Heap after GC invocations=92 (full 0):
 garbage-first heap   total 381952K, used 144627K [0x0000000080000000, 0x0000000100000000)
  region size 1024K, 1 young (1024K), 1 survivors (1024K)
 Metaspace       used 159234K, committed 164544K, reserved 1245184K
  class space    used 21894K, committed 23808K, reserved 1048576K
}
Event: 2818.708 GC heap before
{Heap before GC invocations=92 (full 0):
 garbage-first heap   total 381952K, used 359667K [0x0000000080000000, 0x0000000100000000)
  region size 1024K, 211 young (216064K), 1 survivors (1024K)
 Metaspace       used 159274K, committed 164544K, reserved 1245184K
  class space    used 21895K, committed 23808K, reserved 1048576K
}
Event: 2818.833 GC heap after
{Heap after GC invocations=93 (full 0):
 garbage-first heap   total 381952K, used 145353K [0x0000000080000000, 0x0000000100000000)
  region size 1024K, 2 young (2048K), 2 survivors (2048K)
 Metaspace       used 159274K, committed 164544K, reserved 1245184K
  class space    used 21895K, committed 23808K, reserved 1048576K
}
Event: 2819.302 GC heap before
{Heap before GC invocations=93 (full 0):
 garbage-first heap   total 381952K, used 161737K [0x0000000080000000, 0x0000000100000000)
  region size 1024K, 18 young (18432K), 2 survivors (2048K)
 Metaspace       used 159274K, committed 164544K, reserved 1245184K
  class space    used 21895K, committed 23808K, reserved 1048576K
}
Event: 2819.678 GC heap after
{Heap after GC invocations=94 (full 0):
 garbage-first heap   total 381952K, used 145398K [0x0000000080000000, 0x0000000100000000)
  region size 1024K, 2 young (2048K), 2 survivors (2048K)
 Metaspace       used 159274K, committed 164544K, reserved 1245184K
  class space    used 21895K, committed 23808K, reserved 1048576K
}
Event: 2823.233 GC heap before
{Heap before GC invocations=94 (full 0):
 garbage-first heap   total 381952K, used 161782K [0x0000000080000000, 0x0000000100000000)
  region size 1024K, 18 young (18432K), 2 survivors (2048K)
 Metaspace       used 158837K, committed 164544K, reserved 1245184K
  class space    used 21796K, committed 23808K, reserved 1048576K
}
Event: 2823.250 GC heap after
{Heap after GC invocations=95 (full 0):
 garbage-first heap   total 381952K, used 145708K [0x0000000080000000, 0x0000000100000000)
  region size 1024K, 2 young (2048K), 2 survivors (2048K)
 Metaspace       used 158837K, committed 164544K, reserved 1245184K
  class space    used 21796K, committed 23808K, reserved 1048576K
}
Event: 2824.446 GC heap before
{Heap before GC invocations=95 (full 0):
 garbage-first heap   total 381952K, used 162092K [0x0000000080000000, 0x0000000100000000)
  region size 1024K, 18 young (18432K), 2 survivors (2048K)
 Metaspace       used 158844K, committed 164544K, reserved 1245184K
  class space    used 21796K, committed 23808K, reserved 1048576K
}
Event: 2824.456 GC heap after
{Heap after GC invocations=96 (full 0):
 garbage-first heap   total 381952K, used 147486K [0x0000000080000000, 0x0000000100000000)
  region size 1024K, 3 young (3072K), 3 survivors (3072K)
 Metaspace       used 158844K, committed 164544K, reserved 1245184K
  class space    used 21796K, committed 23808K, reserved 1048576K
}
Event: 2826.144 GC heap before
{Heap before GC invocations=96 (full 0):
 garbage-first heap   total 381952K, used 161822K [0x0000000080000000, 0x0000000100000000)
  region size 1024K, 18 young (18432K), 3 survivors (3072K)
 Metaspace       used 158854K, committed 164544K, reserved 1245184K
  class space    used 21797K, committed 23808K, reserved 1048576K
}
Event: 2826.173 GC heap after
{Heap after GC invocations=97 (full 0):
 garbage-first heap   total 381952K, used 148910K [0x0000000080000000, 0x0000000100000000)
  region size 1024K, 2 young (2048K), 2 survivors (2048K)
 Metaspace       used 158854K, committed 164544K, reserved 1245184K
  class space    used 21797K, committed 23808K, reserved 1048576K
}
Event: 2827.109 GC heap before
{Heap before GC invocations=98 (full 0):
 garbage-first heap   total 381952K, used 165294K [0x0000000080000000, 0x0000000100000000)
  region size 1024K, 18 young (18432K), 2 survivors (2048K)
 Metaspace       used 158955K, committed 164544K, reserved 1245184K
  class space    used 21814K, committed 23808K, reserved 1048576K
}
Event: 2827.115 GC heap after
{Heap after GC invocations=99 (full 0):
 garbage-first heap   total 381952K, used 149564K [0x0000000080000000, 0x0000000100000000)
  region size 1024K, 2 young (2048K), 2 survivors (2048K)
 Metaspace       used 158955K, committed 164544K, reserved 1245184K
  class space    used 21814K, committed 23808K, reserved 1048576K
}
Event: 2830.141 GC heap before
{Heap before GC invocations=99 (full 0):
 garbage-first heap   total 381952K, used 197692K [0x0000000080000000, 0x0000000100000000)
  region size 1024K, 49 young (50176K), 2 survivors (2048K)
 Metaspace       used 159222K, committed 164544K, reserved 1245184K
  class space    used 21836K, committed 23808K, reserved 1048576K
}
Event: 2830.166 GC heap after
{Heap after GC invocations=100 (full 0):
 garbage-first heap   total 381952K, used 150781K [0x0000000080000000, 0x0000000100000000)
  region size 1024K, 7 young (7168K), 7 survivors (7168K)
 Metaspace       used 159222K, committed 164544K, reserved 1245184K
  class space    used 21836K, committed 23808K, reserved 1048576K
}
Event: 2830.263 GC heap before
{Heap before GC invocations=100 (full 0):
 garbage-first heap   total 381952K, used 162045K [0x0000000080000000, 0x0000000100000000)
  region size 1024K, 18 young (18432K), 7 survivors (7168K)
 Metaspace       used 159231K, committed 164544K, reserved 1245184K
  class space    used 21836K, committed 23808K, reserved 1048576K
}
Event: 2830.322 GC heap after
{Heap after GC invocations=101 (full 0):
 garbage-first heap   total 381952K, used 148698K [0x0000000080000000, 0x0000000100000000)
  region size 1024K, 2 young (2048K), 2 survivors (2048K)
 Metaspace       used 159231K, committed 164544K, reserved 1245184K
  class space    used 21836K, committed 23808K, reserved 1048576K
}
Event: 2830.442 GC heap before
{Heap before GC invocations=101 (full 0):
 garbage-first heap   total 381952K, used 165082K [0x0000000080000000, 0x0000000100000000)
  region size 1024K, 18 young (18432K), 2 survivors (2048K)
 Metaspace       used 159253K, committed 164544K, reserved 1245184K
  class space    used 21836K, committed 23808K, reserved 1048576K
}
Event: 2830.452 GC heap after
{Heap after GC invocations=102 (full 0):
 garbage-first heap   total 381952K, used 147347K [0x0000000080000000, 0x0000000100000000)
  region size 1024K, 2 young (2048K), 2 survivors (2048K)
 Metaspace       used 159253K, committed 164544K, reserved 1245184K
  class space    used 21836K, committed 23808K, reserved 1048576K
}
Event: 2831.316 GC heap before
{Heap before GC invocations=102 (full 0):
 garbage-first heap   total 381952K, used 203667K [0x0000000080000000, 0x0000000100000000)
  region size 1024K, 57 young (58368K), 2 survivors (2048K)
 Metaspace       used 159425K, committed 164608K, reserved 1245184K
  class space    used 21850K, committed 23808K, reserved 1048576K
}

Dll operation events (3 events):
Event: 0.030 Loaded shared library C:\Program Files\Android\Android Studio\jbr\bin\java.dll
Event: 0.048 Loaded shared library C:\Program Files\Android\Android Studio\jbr\bin\zip.dll
Event: 1.153 Loaded shared library C:\Program Files\Android\Android Studio\jbr\bin\verify.dll

Deoptimization events (20 events):
Event: 2830.579 Thread 0x0000020a2c598e40 Uncommon trap: trap_request=0xffffffbe fr.pc=0x0000020a1a27be74 relative=0x0000000000000834
Event: 2830.579 Thread 0x0000020a2c598e40 Uncommon trap: reason=profile_predicate action=maybe_recompile pc=0x0000020a1a27be74 method=java.util.Arrays.binarySearch0([Ljava/lang/Object;IILjava/lang/Object;Ljava/util/Comparator;)I @ 25 c2
Event: 2830.579 Thread 0x0000020a2c598e40 DEOPT PACKING pc=0x0000020a1a27be74 sp=0x0000001330ef8910
Event: 2830.580 Thread 0x0000020a2c598e40 DEOPT UNPACKING pc=0x0000020a195843a2 sp=0x0000001330ef88b8 mode 2
Event: 2830.580 Thread 0x0000020a2c598e40 Uncommon trap: trap_request=0xffffffbe fr.pc=0x0000020a1a27be74 relative=0x0000000000000834
Event: 2830.580 Thread 0x0000020a2c598e40 Uncommon trap: reason=profile_predicate action=maybe_recompile pc=0x0000020a1a27be74 method=java.util.Arrays.binarySearch0([Ljava/lang/Object;IILjava/lang/Object;Ljava/util/Comparator;)I @ 25 c2
Event: 2830.580 Thread 0x0000020a2c598e40 DEOPT PACKING pc=0x0000020a1a27be74 sp=0x0000001330ef8910
Event: 2830.580 Thread 0x0000020a2c598e40 DEOPT UNPACKING pc=0x0000020a195843a2 sp=0x0000001330ef88b8 mode 2
Event: 2830.580 Thread 0x0000020a2c598e40 Uncommon trap: trap_request=0xffffffbe fr.pc=0x0000020a1a27be74 relative=0x0000000000000834
Event: 2830.580 Thread 0x0000020a2c598e40 Uncommon trap: reason=profile_predicate action=maybe_recompile pc=0x0000020a1a27be74 method=java.util.Arrays.binarySearch0([Ljava/lang/Object;IILjava/lang/Object;Ljava/util/Comparator;)I @ 25 c2
Event: 2830.580 Thread 0x0000020a2c598e40 DEOPT PACKING pc=0x0000020a1a27be74 sp=0x0000001330ef8910
Event: 2830.580 Thread 0x0000020a2c598e40 DEOPT UNPACKING pc=0x0000020a195843a2 sp=0x0000001330ef88b8 mode 2
Event: 2830.580 Thread 0x0000020a2c598e40 Uncommon trap: trap_request=0xffffffbe fr.pc=0x0000020a1a27be74 relative=0x0000000000000834
Event: 2830.580 Thread 0x0000020a2c598e40 Uncommon trap: reason=profile_predicate action=maybe_recompile pc=0x0000020a1a27be74 method=java.util.Arrays.binarySearch0([Ljava/lang/Object;IILjava/lang/Object;Ljava/util/Comparator;)I @ 25 c2
Event: 2830.580 Thread 0x0000020a2c598e40 DEOPT PACKING pc=0x0000020a1a27be74 sp=0x0000001330ef8910
Event: 2830.580 Thread 0x0000020a2c598e40 DEOPT UNPACKING pc=0x0000020a195843a2 sp=0x0000001330ef88b8 mode 2
Event: 2830.703 Thread 0x0000020a2c598e40 Uncommon trap: trap_request=0xffffff76 fr.pc=0x0000020a19c4ea68 relative=0x0000000000000708
Event: 2830.703 Thread 0x0000020a2c598e40 Uncommon trap: reason=predicate action=maybe_recompile pc=0x0000020a19c4ea68 method=java.util.ComparableTimSort.binarySort([Ljava/lang/Object;III)V @ 34 c2
Event: 2830.703 Thread 0x0000020a2c598e40 DEOPT PACKING pc=0x0000020a19c4ea68 sp=0x0000001330ef93a0
Event: 2830.703 Thread 0x0000020a2c598e40 DEOPT UNPACKING pc=0x0000020a195843a2 sp=0x0000001330ef9348 mode 2

Classes loaded (20 events):
Event: 448.436 Loading class java/util/concurrent/ForkJoinTask$InterruptibleTask done
Event: 448.436 Loading class java/util/concurrent/ForkJoinTask$AdaptedInterruptibleCallable done
Event: 448.436 Loading class java/util/concurrent/ForkJoinPool$DefaultForkJoinWorkerThreadFactory$1
Event: 448.437 Loading class java/util/concurrent/ForkJoinPool$DefaultForkJoinWorkerThreadFactory$1 done
Event: 448.444 Loading class java/util/zip/Deflater
Event: 448.445 Loading class java/util/zip/Deflater done
Event: 448.445 Loading class java/util/zip/Deflater$DeflaterZStreamRef
Event: 448.446 Loading class java/util/zip/Deflater$DeflaterZStreamRef done
Event: 448.473 Loading class java/nio/BufferOverflowException
Event: 448.473 Loading class java/nio/BufferOverflowException done
Event: 448.477 Loading class java/security/DigestException
Event: 448.477 Loading class java/security/DigestException done
Event: 448.504 Loading class java/util/concurrent/ForkJoinTask$AdaptedInterruptibleRunnable
Event: 448.504 Loading class java/util/concurrent/ForkJoinTask$AdaptedInterruptibleRunnable done
Event: 448.504 Loading class java/util/concurrent/CountedCompleter
Event: 448.504 Loading class java/util/concurrent/CountedCompleter done
Event: 448.566 Loading class sun/security/rsa/RSACore$BlindingParameters
Event: 448.568 Loading class sun/security/rsa/RSACore$BlindingParameters done
Event: 448.572 Loading class sun/security/rsa/RSACore$BlindingRandomPair
Event: 448.573 Loading class sun/security/rsa/RSACore$BlindingRandomPair done

Classes unloaded (20 events):
Event: 2820.921 Thread 0x0000020a26ba1230 Unloading class 0x00000001004a3c00 'java/lang/invoke/LambdaForm$MH+0x00000001004a3c00'
Event: 2820.922 Thread 0x0000020a26ba1230 Unloading class 0x0000000100499400 'java/lang/invoke/LambdaForm$MH+0x0000000100499400'
Event: 2820.922 Thread 0x0000020a26ba1230 Unloading class 0x0000000100488000 'java/lang/invoke/LambdaForm$MH+0x0000000100488000'
Event: 2820.922 Thread 0x0000020a26ba1230 Unloading class 0x000000010037c000 'java/lang/invoke/LambdaForm$MH+0x000000010037c000'
Event: 2820.923 Thread 0x0000020a26ba1230 Unloading class 0x000000010036ac00 'java/lang/invoke/LambdaForm$MH+0x000000010036ac00'
Event: 2820.923 Thread 0x0000020a26ba1230 Unloading class 0x0000000100368c00 'java/lang/invoke/LambdaForm$MH+0x0000000100368c00'
Event: 2820.923 Thread 0x0000020a26ba1230 Unloading class 0x0000000100330400 'java/lang/invoke/LambdaForm$MH+0x0000000100330400'
Event: 2820.923 Thread 0x0000020a26ba1230 Unloading class 0x00000001002a0400 'java/lang/invoke/LambdaForm$MH+0x00000001002a0400'
Event: 2820.923 Thread 0x0000020a26ba1230 Unloading class 0x000000010029c000 'java/lang/invoke/LambdaForm$MH+0x000000010029c000'
Event: 2820.924 Thread 0x0000020a26ba1230 Unloading class 0x0000000100210400 'java/lang/invoke/LambdaForm$MH+0x0000000100210400'
Event: 2820.924 Thread 0x0000020a26ba1230 Unloading class 0x0000000100208400 'java/lang/invoke/LambdaForm$MH+0x0000000100208400'
Event: 2820.924 Thread 0x0000020a26ba1230 Unloading class 0x00000001001dbc00 'java/lang/invoke/LambdaForm$MH+0x00000001001dbc00'
Event: 2820.924 Thread 0x0000020a26ba1230 Unloading class 0x00000001001db400 'java/lang/invoke/LambdaForm$MH+0x00000001001db400'
Event: 2820.924 Thread 0x0000020a26ba1230 Unloading class 0x00000001001da400 'java/lang/invoke/LambdaForm$MH+0x00000001001da400'
Event: 2820.924 Thread 0x0000020a26ba1230 Unloading class 0x00000001001da000 'java/lang/invoke/LambdaForm$MH+0x00000001001da000'
Event: 2820.924 Thread 0x0000020a26ba1230 Unloading class 0x00000001001d9800 'java/lang/invoke/LambdaForm$MH+0x00000001001d9800'
Event: 2820.924 Thread 0x0000020a26ba1230 Unloading class 0x00000001001d8800 'java/lang/invoke/LambdaForm$MH+0x00000001001d8800'
Event: 2820.924 Thread 0x0000020a26ba1230 Unloading class 0x00000001001c4400 'java/lang/invoke/LambdaForm$MH+0x00000001001c4400'
Event: 2820.924 Thread 0x0000020a26ba1230 Unloading class 0x00000001001c4000 'java/lang/invoke/LambdaForm$MH+0x00000001001c4000'
Event: 2820.924 Thread 0x0000020a26ba1230 Unloading class 0x00000001000dc400 'java/lang/invoke/LambdaForm$MH+0x00000001000dc400'

Classes redefined (0 events):
No events

Internal exceptions (20 events):
Event: 2831.167 Thread 0x0000020a30442b00 Exception <a 'sun/nio/fs/WindowsException'{0x0000000092f2a758}> (0x0000000092f2a758) 
thrown [s\src\hotspot\share\prims\jni.cpp, line 537]
Event: 2831.176 Thread 0x0000020a30442b00 Exception <a 'sun/nio/fs/WindowsException'{0x0000000092f40d98}> (0x0000000092f40d98) 
thrown [s\src\hotspot\share\prims\jni.cpp, line 537]
Event: 2831.184 Thread 0x0000020a30442b00 Exception <a 'sun/nio/fs/WindowsException'{0x0000000092f56098}> (0x0000000092f56098) 
thrown [s\src\hotspot\share\prims\jni.cpp, line 537]
Event: 2831.188 Thread 0x0000020a30442b00 Exception <a 'sun/nio/fs/WindowsException'{0x0000000092f618c0}> (0x0000000092f618c0) 
thrown [s\src\hotspot\share\prims\jni.cpp, line 537]
Event: 2831.195 Thread 0x0000020a30442b00 Exception <a 'sun/nio/fs/WindowsException'{0x0000000092f6c4c8}> (0x0000000092f6c4c8) 
thrown [s\src\hotspot\share\prims\jni.cpp, line 537]
Event: 2831.207 Thread 0x0000020a30442b00 Exception <a 'sun/nio/fs/WindowsException'{0x0000000092f8c580}> (0x0000000092f8c580) 
thrown [s\src\hotspot\share\prims\jni.cpp, line 537]
Event: 2831.213 Thread 0x0000020a30442b00 Exception <a 'sun/nio/fs/WindowsException'{0x0000000092f9c808}> (0x0000000092f9c808) 
thrown [s\src\hotspot\share\prims\jni.cpp, line 537]
Event: 2831.219 Thread 0x0000020a30442b00 Exception <a 'sun/nio/fs/WindowsException'{0x0000000092fad160}> (0x0000000092fad160) 
thrown [s\src\hotspot\share\prims\jni.cpp, line 537]
Event: 2831.222 Thread 0x0000020a30442b00 Exception <a 'sun/nio/fs/WindowsException'{0x0000000092fb8c90}> (0x0000000092fb8c90) 
thrown [s\src\hotspot\share\prims\jni.cpp, line 537]
Event: 2831.225 Thread 0x0000020a30442b00 Exception <a 'sun/nio/fs/WindowsException'{0x0000000092fc4730}> (0x0000000092fc4730) 
thrown [s\src\hotspot\share\prims\jni.cpp, line 537]
Event: 2831.228 Thread 0x0000020a30442b00 Exception <a 'sun/nio/fs/WindowsException'{0x0000000092fcf538}> (0x0000000092fcf538) 
thrown [s\src\hotspot\share\prims\jni.cpp, line 537]
Event: 2831.234 Thread 0x0000020a30442b00 Exception <a 'sun/nio/fs/WindowsException'{0x0000000092fdae40}> (0x0000000092fdae40) 
thrown [s\src\hotspot\share\prims\jni.cpp, line 537]
Event: 2831.240 Thread 0x0000020a30442b00 Exception <a 'sun/nio/fs/WindowsException'{0x0000000092fe7738}> (0x0000000092fe7738) 
thrown [s\src\hotspot\share\prims\jni.cpp, line 537]
Event: 2831.246 Thread 0x0000020a30442b00 Exception <a 'sun/nio/fs/WindowsException'{0x0000000092ff2c60}> (0x0000000092ff2c60) 
thrown [s\src\hotspot\share\prims\jni.cpp, line 537]
Event: 2831.251 Thread 0x0000020a30442b00 Exception <a 'sun/nio/fs/WindowsException'{0x0000000092fff810}> (0x0000000092fff810) 
thrown [s\src\hotspot\share\prims\jni.cpp, line 537]
Event: 2831.257 Thread 0x0000020a30442b00 Exception <a 'sun/nio/fs/WindowsException'{0x0000000092e0afd8}> (0x0000000092e0afd8) 
thrown [s\src\hotspot\share\prims\jni.cpp, line 537]
Event: 2831.261 Thread 0x0000020a30442b00 Exception <a 'sun/nio/fs/WindowsException'{0x0000000092e16948}> (0x0000000092e16948) 
thrown [s\src\hotspot\share\prims\jni.cpp, line 537]
Event: 2831.289 Thread 0x0000020a30442b00 Exception <a 'sun/nio/fs/WindowsException'{0x0000000092ea3250}> (0x0000000092ea3250) 
thrown [s\src\hotspot\share\prims\jni.cpp, line 537]
Event: 2831.305 Thread 0x0000020a30442b00 Exception <a 'sun/nio/fs/WindowsException'{0x0000000092eee3b0}> (0x0000000092eee3b0) 
thrown [s\src\hotspot\share\prims\jni.cpp, line 537]
Event: 2831.312 Thread 0x0000020a30442b00 Exception <a 'sun/nio/fs/WindowsException'{0x0000000092efc3f8}> (0x0000000092efc3f8) 
thrown [s\src\hotspot\share\prims\jni.cpp, line 537]

ZGC Phase Switch (0 events):
No events

VM Operations (20 events):
Event: 2825.383 Executing VM operation: HandshakeAllThreads (HandshakeForDeflation) done
Event: 2825.383 Executing VM operation: RendezvousGCThreads
Event: 2825.450 Executing VM operation: RendezvousGCThreads done
Event: 2825.988 Executing VM operation: G1CollectForAllocation (G1 Evacuation Pause)
Event: 2826.173 Executing VM operation: G1CollectForAllocation (G1 Evacuation Pause) done
Event: 2826.269 Executing VM operation: G1PauseCleanup
Event: 2826.287 Executing VM operation: G1PauseCleanup done
Event: 2827.109 Executing VM operation: G1CollectForAllocation (G1 Evacuation Pause)
Event: 2827.115 Executing VM operation: G1CollectForAllocation (G1 Evacuation Pause) done
Event: 2828.126 Executing VM operation: Cleanup
Event: 2828.126 Executing VM operation: Cleanup done
Event: 2829.141 Executing VM operation: Cleanup
Event: 2829.141 Executing VM operation: Cleanup done
Event: 2830.141 Executing VM operation: G1CollectForAllocation (G1 Evacuation Pause)
Event: 2830.166 Executing VM operation: G1CollectForAllocation (G1 Evacuation Pause) done
Event: 2830.263 Executing VM operation: G1CollectForAllocation (G1 Evacuation Pause)
Event: 2830.323 Executing VM operation: G1CollectForAllocation (G1 Evacuation Pause) done
Event: 2830.442 Executing VM operation: G1CollectForAllocation (G1 Evacuation Pause)
Event: 2830.452 Executing VM operation: G1CollectForAllocation (G1 Evacuation Pause) done
Event: 2831.316 Executing VM operation: G1CollectForAllocation (G1 Evacuation Pause)

Memory protections (0 events):
No events

Nmethod flushes (20 events):
Event: 2823.023 Thread 0x0000020a26ba1230 flushing  nmethod 0x0000020a13bba510
Event: 2823.023 Thread 0x0000020a26ba1230 flushing  nmethod 0x0000020a13bba910
Event: 2823.023 Thread 0x0000020a26ba1230 flushing  nmethod 0x0000020a13bbad10
Event: 2823.023 Thread 0x0000020a26ba1230 flushing  nmethod 0x0000020a13bbb190
Event: 2823.023 Thread 0x0000020a26ba1230 flushing  nmethod 0x0000020a13bbb510
Event: 2823.023 Thread 0x0000020a26ba1230 flushing  nmethod 0x0000020a13c0e890
Event: 2823.023 Thread 0x0000020a26ba1230 flushing  nmethod 0x0000020a13c0ee90
Event: 2823.023 Thread 0x0000020a26ba1230 flushing  nmethod 0x0000020a13c0f590
Event: 2823.023 Thread 0x0000020a26ba1230 flushing  nmethod 0x0000020a13c0fe10
Event: 2823.023 Thread 0x0000020a26ba1230 flushing  nmethod 0x0000020a13c10210
Event: 2823.023 Thread 0x0000020a26ba1230 flushing  nmethod 0x0000020a13c10690
Event: 2823.023 Thread 0x0000020a26ba1230 flushing  nmethod 0x0000020a13c11510
Event: 2823.023 Thread 0x0000020a26ba1230 flushing  nmethod 0x0000020a13c11810
Event: 2823.023 Thread 0x0000020a26ba1230 flushing  nmethod 0x0000020a13c11c10
Event: 2823.023 Thread 0x0000020a26ba1230 flushing  nmethod 0x0000020a13c12190
Event: 2823.023 Thread 0x0000020a26ba1230 flushing  nmethod 0x0000020a13c12490
Event: 2823.023 Thread 0x0000020a26ba1230 flushing  nmethod 0x0000020a13c12890
Event: 2823.023 Thread 0x0000020a26ba1230 flushing  nmethod 0x0000020a13c12d10
Event: 2823.023 Thread 0x0000020a26ba1230 flushing  nmethod 0x0000020a13c13110
Event: 2823.023 Thread 0x0000020a26ba1230 flushing  nmethod 0x0000020a13e13410

Events (20 events):
Event: 2825.247 Thread 0x0000020a2c598e40 Thread added: 0x0000020a3777fff0
Event: 2825.271 Thread 0x0000020a2c598e40 Thread added: 0x0000020a37781a30
Event: 2825.276 Thread 0x0000020a2c598e40 Thread added: 0x0000020a37780680
Event: 2827.196 Thread 0x0000020a2c598e40 Thread added: 0x0000020a2c599b60
Event: 2827.576 Thread 0x0000020a2c598e40 Thread added: 0x0000020a2c59a1f0
Event: 2830.725 Thread 0x0000020a2c598e40 Thread added: 0x0000020a304410c0
Event: 2830.726 Thread 0x0000020a2c598e40 Thread added: 0x0000020a30441de0
Event: 2830.785 Thread 0x0000020a2c598e40 Thread added: 0x0000020a30442b00
Event: 2830.792 Thread 0x0000020a30442b00 Thread added: 0x0000020a2c59a880
Event: 2830.792 Thread 0x0000020a30442b00 Thread added: 0x0000020a2c59bc30
Event: 2830.793 Thread 0x0000020a30442b00 Thread added: 0x0000020a2c59c2c0
Event: 2830.793 Thread 0x0000020a30442b00 Thread added: 0x0000020a2c59b5a0
Event: 2830.793 Thread 0x0000020a30442b00 Thread added: 0x0000020a37927310
Event: 2830.794 Thread 0x0000020a30442b00 Thread added: 0x0000020a37925f60
Event: 2830.794 Thread 0x0000020a30442b00 Thread added: 0x0000020a37923e90
Event: 2830.796 Thread 0x0000020a30442b00 Thread added: 0x0000020a37924520
Event: 2830.796 Thread 0x0000020a30442b00 Thread added: 0x0000020a379265f0
Event: 2830.796 Thread 0x0000020a30442b00 Thread added: 0x0000020a37924bb0
Event: 2830.797 Thread 0x0000020a30442b00 Thread added: 0x0000020a3777f960
Event: 2830.806 Thread 0x0000020a2c59a880 Thread added: 0x0000020a2c7aaee0


Dynamic libraries:
0x00007ff728330000 - 0x00007ff72833a000 	C:\Program Files\Android\Android Studio\jbr\bin\java.exe
0x00007fffe50a0000 - 0x00007fffe5307000 	C:\WINDOWS\SYSTEM32\ntdll.dll
0x00007fffe31c0000 - 0x00007fffe3289000 	C:\WINDOWS\System32\KERNEL32.DLL
0x00007fffe1cd0000 - 0x00007fffe20c7000 	C:\WINDOWS\System32\KERNELBASE.dll
0x00007fffe1ad0000 - 0x00007fffe1c1b000 	C:\WINDOWS\System32\ucrtbase.dll
0x00007fffd8fe0000 - 0x00007fffd8ffb000 	C:\Program Files\Android\Android Studio\jbr\bin\VCRUNTIME140.dll
0x00007fff69760000 - 0x00007fff69778000 	C:\Program Files\Android\Android Studio\jbr\bin\jli.dll
0x00007fffe4550000 - 0x00007fffe4716000 	C:\WINDOWS\System32\USER32.dll
0x00007fffe2df0000 - 0x00007fffe2e17000 	C:\WINDOWS\System32\win32u.dll
0x00007fffe4890000 - 0x00007fffe48bb000 	C:\WINDOWS\System32\GDI32.dll
0x00007fffce420000 - 0x00007fffce6b2000 	C:\WINDOWS\WinSxS\amd64_microsoft.windows.common-controls_6595b64144ccf1df_6.0.26100.8457_none_3e0b2faee331e92d\COMCTL32.dll
0x00007fffe2450000 - 0x00007fffe257c000 	C:\WINDOWS\System32\gdi32full.dll
0x00007fffe44a0000 - 0x00007fffe4549000 	C:\WINDOWS\System32\msvcrt.dll
0x00007fffe2310000 - 0x00007fffe23b3000 	C:\WINDOWS\System32\msvcp_win.dll
0x00007fffe3960000 - 0x00007fffe3992000 	C:\WINDOWS\System32\IMM32.DLL
0x00007fffda3a0000 - 0x00007fffda3ac000 	C:\Program Files\Android\Android Studio\jbr\bin\vcruntime140_1.dll
0x00007fff59580000 - 0x00007fff5960d000 	C:\Program Files\Android\Android Studio\jbr\bin\msvcp140.dll
0x00007fff4afe0000 - 0x00007fff4bc76000 	C:\Program Files\Android\Android Studio\jbr\bin\server\jvm.dll
0x00007fffe3100000 - 0x00007fffe31b6000 	C:\WINDOWS\System32\ADVAPI32.dll
0x00007fffe3390000 - 0x00007fffe3437000 	C:\WINDOWS\System32\sechost.dll
0x00007fffe4a60000 - 0x00007fffe4b78000 	C:\WINDOWS\System32\RPCRT4.dll
0x00007fffe3440000 - 0x00007fffe34c0000 	C:\WINDOWS\System32\WS2_32.dll
0x00007fffe1220000 - 0x00007fffe127e000 	C:\WINDOWS\SYSTEM32\POWRPROF.dll
0x00007fffd9850000 - 0x00007fffd985b000 	C:\WINDOWS\SYSTEM32\VERSION.dll
0x00007fffd4b00000 - 0x00007fffd4b36000 	C:\WINDOWS\SYSTEM32\WINMM.dll
0x00007fffe11b0000 - 0x00007fffe11c4000 	C:\WINDOWS\SYSTEM32\UMPDC.dll
0x00007fffe0860000 - 0x00007fffe087b000 	C:\WINDOWS\SYSTEM32\kernel.appcore.dll
0x00007fffd8f70000 - 0x00007fffd8f7a000 	C:\Program Files\Android\Android Studio\jbr\bin\jimage.dll
0x00007fffdf960000 - 0x00007fffdfba2000 	C:\WINDOWS\SYSTEM32\DBGHELP.DLL
0x00007fffe4bd0000 - 0x00007fffe4f53000 	C:\WINDOWS\System32\combase.dll
0x00007fffe39a0000 - 0x00007fffe3a79000 	C:\WINDOWS\System32\OLEAUT32.dll
0x00007fffd1cb0000 - 0x00007fffd1ceb000 	C:\WINDOWS\SYSTEM32\dbgcore.DLL
0x00007fffe1c20000 - 0x00007fffe1cc8000 	C:\WINDOWS\System32\bcryptPrimitives.dll
0x00007fffaa210000 - 0x00007fffaa21e000 	C:\Program Files\Android\Android Studio\jbr\bin\instrument.dll
0x00007fffc9c30000 - 0x00007fffc9c50000 	C:\Program Files\Android\Android Studio\jbr\bin\java.dll
0x00007fffa8e50000 - 0x00007fffa8e68000 	C:\Program Files\Android\Android Studio\jbr\bin\zip.dll
0x00007fffe3d20000 - 0x00007fffe448e000 	C:\WINDOWS\System32\SHELL32.dll
0x00007fffe2580000 - 0x00007fffe2dec000 	C:\WINDOWS\System32\windows.storage.dll
0x00007fffe2ec0000 - 0x00007fffe2fb6000 	C:\WINDOWS\System32\SHCORE.dll
0x00007fffe3ad0000 - 0x00007fffe3b36000 	C:\WINDOWS\System32\shlwapi.dll
0x00007fffe19f0000 - 0x00007fffe1a19000 	C:\WINDOWS\SYSTEM32\profapi.dll
0x00007fffd3440000 - 0x00007fffd3450000 	C:\Program Files\Android\Android Studio\jbr\bin\net.dll
0x00007fffda640000 - 0x00007fffda769000 	C:\WINDOWS\SYSTEM32\WINHTTP.dll
0x00007fffe0e40000 - 0x00007fffe0eac000 	C:\WINDOWS\system32\mswsock.dll
0x00007fffa6ce0000 - 0x00007fffa6cf6000 	C:\Program Files\Android\Android Studio\jbr\bin\nio.dll
0x00007fffb3560000 - 0x00007fffb3570000 	C:\Program Files\Android\Android Studio\jbr\bin\verify.dll
0x00007fff8b1f0000 - 0x00007fff8b217000 	C:\Users\Dinithi Uththara\.gradle\native\660c5614fbf4a5f2a75b1949f50a0caf5cd603558e7d8a26e50b933a0cfb79d1\windows-amd64\native-platform.dll
0x00007fff53f00000 - 0x00007fff53f77000 	C:\Users\Dinithi Uththara\.gradle\native\0.2.8\x86_64-windows-gnu\gradle-fileevents.dll
0x00007fffb6ac0000 - 0x00007fffb6ac9000 	C:\Program Files\Android\Android Studio\jbr\bin\management.dll
0x00007fffb4f10000 - 0x00007fffb4f1b000 	C:\Program Files\Android\Android Studio\jbr\bin\management_ext.dll
0x00007fffe2e20000 - 0x00007fffe2e28000 	C:\WINDOWS\System32\PSAPI.DLL
0x00007fffe0220000 - 0x00007fffe0252000 	C:\WINDOWS\SYSTEM32\IPHLPAPI.DLL
0x00007fffe3a80000 - 0x00007fffe3a8a000 	C:\WINDOWS\System32\NSI.dll
0x00007fffb8c50000 - 0x00007fffb8c59000 	C:\Program Files\Android\Android Studio\jbr\bin\extnet.dll
0x00007fffe1140000 - 0x00007fffe115b000 	C:\WINDOWS\SYSTEM32\CRYPTSP.dll
0x00007fffe07c0000 - 0x00007fffe07f9000 	C:\WINDOWS\system32\rsaenh.dll
0x00007fffe0ef0000 - 0x00007fffe0f23000 	C:\WINDOWS\SYSTEM32\USERENV.dll
0x00007fffe19c0000 - 0x00007fffe19ea000 	C:\WINDOWS\SYSTEM32\bcrypt.dll
0x00007fffe1160000 - 0x00007fffe116c000 	C:\WINDOWS\SYSTEM32\CRYPTBASE.dll
0x00007fffd4f60000 - 0x00007fffd4f68000 	C:\WINDOWS\system32\wshunix.dll
0x00007fffe02b0000 - 0x00007fffe03e2000 	C:\WINDOWS\SYSTEM32\DNSAPI.dll
0x00007fffd98d0000 - 0x00007fffd98db000 	C:\Windows\System32\rasadhlp.dll
0x00007fffdba30000 - 0x00007fffdbab6000 	C:\WINDOWS\System32\fwpuclnt.dll

JVMTI agents:
C:\Users\Dinithi Uththara\.gradle\wrapper\dists\gradle-9.2.1-bin\2t0n5ozlw9xmuyvbp7dnzaxug\gradle-9.2.1\lib\agents\gradle-instrumentation-agent-9.2.1.jar path:C:\Program Files\Android\Android Studio\jbr\bin\instrument.dll, loaded, initialized, instrumentlib options:none

dbghelp: loaded successfully - version: 4.0.5 - missing functions: none
symbol engine: initialized successfully - sym options: 0x614 - pdb path: .;C:\Program Files\Android\Android Studio\jbr\bin;C:\WINDOWS\SYSTEM32;C:\WINDOWS\WinSxS\amd64_microsoft.windows.common-controls_6595b64144ccf1df_6.0.26100.8457_none_3e0b2faee331e92d;C:\Program Files\Android\Android Studio\jbr\bin\server;C:\Users\Dinithi Uththara\.gradle\native\660c5614fbf4a5f2a75b1949f50a0caf5cd603558e7d8a26e50b933a0cfb79d1\windows-amd64;C:\Users\Dinithi Uththara\.gradle\native\0.2.8\x86_64-windows-gnu

VM Arguments:
jvm_args: --add-opens=java.base/java.lang=ALL-UNNAMED --add-opens=java.base/java.lang.invoke=ALL-UNNAMED --add-opens=java.base/java.util=ALL-UNNAMED --add-opens=java.prefs/java.util.prefs=ALL-UNNAMED --add-exports=jdk.compiler/com.sun.tools.javac.api=ALL-UNNAMED --add-exports=jdk.compiler/com.sun.tools.javac.util=ALL-UNNAMED --add-opens=java.base/java.util=ALL-UNNAMED --add-opens=java.prefs/java.util.prefs=ALL-UNNAMED --add-opens=java.base/java.nio.charset=ALL-UNNAMED --add-opens=java.base/java.net=ALL-UNNAMED --add-opens=java.base/java.util.concurrent=ALL-UNNAMED --add-opens=java.base/java.util.concurrent.atomic=ALL-UNNAMED --add-opens=java.xml/javax.xml.namespace=ALL-UNNAMED --add-opens=java.base/java.time=ALL-UNNAMED -Xmx2048m -Dfile.encoding=UTF-8 -Duser.country=US -Duser.language=en -Duser.variant -javaagent:C:\Users\Dinithi Uththara\.gradle\wrapper\dists\gradle-9.2.1-bin\2t0n5ozlw9xmuyvbp7dnzaxug\gradle-9.2.1\lib\agents\gradle-instrumentation-agent-9.2.1.jar 
java_command: org.gradle.launcher.daemon.bootstrap.GradleDaemon 9.2.1
java_class_path (initial): C:\Users\Dinithi Uththara\.gradle\wrapper\dists\gradle-9.2.1-bin\2t0n5ozlw9xmuyvbp7dnzaxug\gradle-9.2.1\lib\gradle-daemon-main-9.2.1.jar
Launcher Type: SUN_STANDARD

[Global flags]
     intx CICompilerCount                          = 4                                         {product} {ergonomic}
     uint ConcGCThreads                            = 3                                         {product} {ergonomic}
     uint G1ConcRefinementThreads                  = 10                                        {product} {ergonomic}
   size_t G1HeapRegionSize                         = 1048576                                   {product} {ergonomic}
    uintx GCDrainStackTargetSize                   = 64                                        {product} {ergonomic}
   size_t InitialHeapSize                          = 130023424                                 {product} {ergonomic}
   size_t MarkStackSize                            = 4194304                                   {product} {ergonomic}
   size_t MaxHeapSize                              = 2147483648                                {product} {command line}
   size_t MaxNewSize                               = 1287651328                                {product} {ergonomic}
   size_t MinHeapDeltaBytes                        = 1048576                                   {product} {ergonomic}
   size_t MinHeapSize                              = 8388608                                   {product} {ergonomic}
    uintx NonNMethodCodeHeapSize                   = 5839372                                {pd product} {ergonomic}
    uintx NonProfiledCodeHeapSize                  = 122909434                              {pd product} {ergonomic}
    uintx ProfiledCodeHeapSize                     = 122909434                              {pd product} {ergonomic}
    uintx ReservedCodeCacheSize                    = 251658240                              {pd product} {ergonomic}
     bool SegmentedCodeCache                       = true                                      {product} {ergonomic}
   size_t SoftMaxHeapSize                          = 2147483648                             {manageable} {ergonomic}
     bool UseCompressedOops                        = true                           {product lp64_product} {ergonomic}
     bool UseG1GC                                  = true                                      {product} {ergonomic}
     bool UseLargePagesIndividualAllocation        = false                                  {pd product} {ergonomic}

Logging:
Log output configuration:
 #0: stdout all=warning uptime,level,tags foldmultilines=false
 #1: stderr all=off uptime,level,tags foldmultilines=false

Release file:
JAVA_VERSION="21.0.9" 
MODULES="java.base java.compiler java.datatransfer java.xml java.prefs java.desktop java.instrument java.logging java.management java.security.sasl java.naming java.rmi java.management.rmi java.net.http java.scripting java.security.jgss java.transaction.xa java.sql java.sql.rowset java.xml.crypto java.se java.smartcardio jdk.accessibility jdk.internal.jvmstat jdk.attach jdk.charsets jdk.internal.opt jdk.zipfs jdk.compiler jdk.crypto.ec jdk.crypto.cryptoki jdk.dynalink jdk.hotspot.agent jdk.httpserver jdk.internal.ed jdk.internal.le jdk.internal.vm.ci jdk.jartool jdk.javadoc jdk.jcmd jdk.jdeps jdk.jdwp.agent jdk.jdi jdk.jfr jdk.jlink jdk.jsobject jdk.localedata jdk.management jdk.management.agent jdk.management.jfr jdk.naming.dns jdk.naming.rmi jdk.net jdk.sctp jdk.security.auth jdk.security.jgss jdk.unsupported jdk.unsupported.desktop jdk.xml.dom" 
IMPLEMENTOR="JetBrains s.r.o." 
JAVA_RUNTIME_VERSION="21.0.9+-14649483-b1163.86" 
LIBC="default" 
OS_ARCH="x86_64" 
OS_NAME="Windows" 
SOURCE=".:git:554d0c326095" 

Environment Variables:
PATH=C:\Program Files\Common Files\Oracle\Java\javapath;C:\Users\Dinithi Uththara\AppData\Local\Programs\Python\Python313\Scripts\;C:\Users\Dinithi Uththara\AppData\Local\Programs\Python\Python313\;C:\Windows\system32;C:\Windows;C:\Windows\System32\Wbem;C:\Windows\System32\WindowsPowerShell\v1.0\;C:\Windows\System32\OpenSSH\;C:\Program Files (x86)\NVIDIA Corporation\PhysX\Common;C:\Program Files\NVIDIA Corporation\NVIDIA NvDLISR;C:\Program Files\Git\cmd;C:\WINDOWS\system32;C:\WINDOWS;C:\WINDOWS\System32\Wbem;C:\WINDOWS\System32\WindowsPowerShell\v1.0\;C:\WINDOWS\System32\OpenSSH\;C:\xampp\php;C:\composer;C:\Program Files\nodejs\;C:\ProgramData\chocolatey\bin;C:\Users\Dinithi Uththara\AppData\Local\Programs\Python\Launcher\;C:\Users\Dinithi Uththara\AppData\Local\Microsoft\WindowsApps;C:\Program Files\JetBrains\PyCharm Community Edition 2024.3.4\bin;;C:\Users\Dinithi Uththara\AppData\Local\Programs\Microsoft VS Code\bin;C:\Users\Dinithi Uththara\AppData\Roaming\Composer\vendor\bin;C:\Users\Dinithi Uththara\AppData\Roaming\npm;C:\Users\Dinithi Uththara\Desktop\flutter\flutter\bin;
USERNAME=Dinithi Uththara
OS=Windows_NT
PROCESSOR_IDENTIFIER=Intel64 Family 6 Model 154 Stepping 3, GenuineIntel
TMP=C:\Users\DINITH~1\AppData\Local\Temp
TEMP=C:\Users\DINITH~1\AppData\Local\Temp




Periodic native trim disabled

JNI global refs:
JNI global refs: 28, weak refs: 0

JNI global refs memory usage: 835, weak refs: 833

Process memory usage:
Resident Set Size: 386324K (4% of 8085168K total physical memory with 30608K free physical memory)

OOME stack traces (most recent first):
Classloader memory used:
Loader org.gradle.internal.classloader.VisitableURLClassLoader$InstrumentingVisitableURLClassLoader: 56085K
Loader org.gradle.internal.classloader.VisitableURLClassLoader                         : 48007K
Loader bootstrap                                                                       : 31611K
Loader org.gradle.initialization.MixInLegacyTypesClassLoader                           : 14085K
Loader jdk.internal.loader.ClassLoaders$AppClassLoader                                 : 8010K
Loader jdk.internal.loader.ClassLoaders$PlatformClassLoader                            : 916K
Loader jdk.internal.reflect.DelegatingClassLoader                                      : 374K
Loader org.gradle.internal.classloader.VisitableURLClassLoader                         : 203K
Loader org.gradle.groovy.scripts.internal.DefaultScriptCompilationHandler$ScriptClassLoader: 127K
Loader sun.reflect.misc.MethodUtil                                                     : 2984B

Classes loaded by more than one classloader:
Class Program                                                                         : loaded 5 times (x 72B)
Class Build_gradle                                                                    : loaded 3 times (x 126B)
Class com.google.common.collect.RegularImmutableMap$KeySet                            : loaded 2 times (x 152B)
Class org.gradle.internal.classloader.FilteringClassLoader                            : loaded 2 times (x 105B)
Class com.google.common.base.CharMatcher$IsEither                                     : loaded 2 times (x 111B)
Class org.gradle.internal.classloader.ClassLoaderHierarchy                            : loaded 2 times (x 70B)
Class com.google.common.collect.ImmutableEnumSet                                      : loaded 2 times (x 146B)
Class com.google.common.util.concurrent.ExecutionError                                : loaded 2 times (x 82B)
Class com.google.common.collect.ImmutableList$1                                       : loaded 2 times (x 97B)
Class org.gradle.api.internal.classpath.ManifestUtil                                  : loaded 2 times (x 71B)
Class com.google.common.collect.RegularImmutableMap                                   : loaded 2 times (x 121B)
Class com.google.common.collect.ImmutableMap$MapViewOfValuesAsSingletonSets           : loaded 2 times (x 126B)
Class com.google.common.reflect.TypeCapture                                           : loaded 2 times (x 71B)
Class [Lorg.objectweb.asm.Symbol;                                                     : loaded 2 times (x 69B)
Class org.objectweb.asm.ClassVisitor                                                  : loaded 2 times (x 88B)
Class com.google.common.collect.UnmodifiableListIterator                              : loaded 2 times (x 95B)
Class com.google.common.base.Platform$JdkPatternCompiler                              : loaded 2 times (x 75B)
Class org.objectweb.asm.MethodTooLargeException                                       : loaded 2 times (x 83B)
Class [Lcom.google.common.cache.CacheBuilder$OneWeigher;                              : loaded 2 times (x 69B)
Class com.google.common.base.Suppliers                                                : loaded 2 times (x 71B)
Class org.gradle.internal.classloader.DefaultClassLoaderFactory                       : loaded 2 times (x 82B)
Class [Lcom.google.common.collect.AbstractIterator$State;                             : loaded 2 times (x 69B)
Class org.gradle.internal.classloader.ClassLoaderVisitor                              : loaded 2 times (x 76B)
Class [Lcom.google.common.collect.ImmutableMapEntry;                                  : loaded 2 times (x 69B)
Class org.gradle.api.internal.classpath.EffectiveClassPath                            : loaded 2 times (x 90B)
Class com.google.common.collect.ListMultimap                                          : loaded 2 times (x 70B)
Class com.google.common.collect.ImmutableEnumMap                                      : loaded 2 times (x 126B)
Class com.google.common.collect.Sets$1                                                : loaded 2 times (x 139B)
Class org.objectweb.asm.AnnotationVisitor                                             : loaded 2 times (x 78B)
Class org.gradle.api.internal.DefaultClassPathProvider                                : loaded 2 times (x 76B)
Class com.google.common.collect.Maps$ViewCachingAbstractMap                           : loaded 2 times (x 125B)
Class [Lcom.google.common.base.Function;                                              : loaded 2 times (x 69B)
Class com.google.common.collect.Sets$2                                                : loaded 2 times (x 139B)
Class [Lorg.gradle.api.internal.ClassPathProvider;                                    : loaded 2 times (x 69B)
Class org.gradle.api.internal.ClassPathProvider                                       : loaded 2 times (x 70B)
Class com.google.common.reflect.Types$ClassOwnership$1                                : loaded 2 times (x 80B)
Class [Lorg.objectweb.asm.AnnotationVisitor;                                          : loaded 2 times (x 69B)
Class com.google.common.collect.Sets$3                                                : loaded 2 times (x 139B)
Class com.google.common.cache.LocalCache$LocalLoadingCache                            : loaded 2 times (x 134B)
Class org.gradle.internal.service.UnknownServiceException                             : loaded 2 times (x 83B)
Class com.google.common.reflect.Types$ClassOwnership$2                                : loaded 2 times (x 80B)
Class com.google.common.reflect.TypeResolver                                          : loaded 2 times (x 72B)
Class com.google.common.collect.Sets$4                                                : loaded 2 times (x 139B)
Class org.objectweb.asm.ModuleVisitor                                                 : loaded 2 times (x 81B)
Class com.google.common.cache.LocalCache$Strength$1                                   : loaded 2 times (x 81B)
Class ijKotlinCoroutineJvmDebugInit1_844wqinvmk5352yck94x7swmg$_run_closure1          : loaded 2 times (x 139B)
Class com.google.common.collect.Collections2$FilteredCollection                       : loaded 2 times (x 119B)
Class com.google.common.reflect.Types$ClassOwnership$3                                : loaded 2 times (x 71B)
Class com.google.common.util.concurrent.SettableFuture                                : loaded 2 times (x 114B)
Class com.google.common.cache.LocalCache$Strength$2                                   : loaded 2 times (x 81B)
Class com.google.common.collect.TransformedIterator                                   : loaded 2 times (x 80B)
Class [Lcom.google.common.collect.Maps$EntryFunction;                                 : loaded 2 times (x 69B)
Class com.google.common.cache.LocalCache$Strength$3                                   : loaded 2 times (x 81B)
Class com.google.common.collect.MapDifference                                         : loaded 2 times (x 70B)
Class com.google.common.reflect.Invokable                                             : loaded 2 times (x 103B)
Class org.objectweb.asm.FieldWriter                                                   : loaded 2 times (x 78B)
Class com.google.common.cache.CacheBuilder$NullListener                               : loaded 2 times (x 82B)
Class org.gradle.internal.classpath.TransformedClassPath                              : loaded 2 times (x 96B)
Class org.gradle.internal.classloader.InstrumentingClassLoader                        : loaded 2 times (x 70B)
Class com.google.common.collect.Maps$IteratorBasedAbstractMap$1                       : loaded 2 times (x 138B)
Class com.google.common.reflect.Types$ParameterizedTypeImpl                           : loaded 2 times (x 81B)
Class com.google.common.cache.CacheLoader$FunctionToCacheLoader                       : loaded 2 times (x 75B)
Class com.google.common.collect.Iterators$ArrayItr                                    : loaded 2 times (x 97B)
Class com.google.common.collect.ImmutableCollection$Builder                           : loaded 2 times (x 76B)
Class com.google.common.reflect.TypeResolver$TypeVariableKey                          : loaded 2 times (x 72B)
Class com.google.common.base.Joiner                                                   : loaded 2 times (x 79B)
Class com.google.common.base.MoreObjects                                              : loaded 2 times (x 71B)
Class com.google.common.base.Equivalence$Identity                                     : loaded 2 times (x 82B)
Class [Lorg.objectweb.asm.Type;                                                       : loaded 2 times (x 69B)
Class com.google.common.collect.UnmodifiableIterator                                  : loaded 2 times (x 80B)
Class org.gradle.internal.service.ServiceLocator                                      : loaded 2 times (x 70B)
Class com.google.common.collect.HashBiMap$BiEntry                                     : loaded 2 times (x 83B)
Class com.google.common.base.Ascii                                                    : loaded 2 times (x 71B)
Class com.google.common.collect.SingletonImmutableBiMap                               : loaded 2 times (x 143B)
Class com.google.common.cache.LocalCache$1                                            : loaded 2 times (x 89B)
Class com.google.common.collect.Iterators$SingletonIterator                           : loaded 2 times (x 81B)
Class com.google.common.collect.AbstractMapEntry                                      : loaded 2 times (x 81B)
Class com.google.common.reflect.TypeToken$SimpleTypeToken                             : loaded 2 times (x 73B)
Class com.google.common.collect.Sets$ImprovedAbstractSet                              : loaded 2 times (x 135B)
Class com.google.common.collect.ImmutableList$Builder                                 : loaded 2 times (x 77B)
Class com.google.common.collect.AbstractMultimap                                      : loaded 2 times (x 123B)
Class com.google.common.cache.LocalCache$2                                            : loaded 2 times (x 142B)
Class com.google.common.collect.RegularImmutableAsList                                : loaded 2 times (x 217B)
Class com.google.common.base.Optional                                                 : loaded 2 times (x 80B)
Class com.google.common.util.concurrent.AbstractFuture$Trusted                        : loaded 2 times (x 70B)
Class com.google.common.collect.Iterators                                             : loaded 2 times (x 71B)
Class com.google.common.collect.Lists$StringAsImmutableList                           : loaded 2 times (x 207B)
Class com.google.common.util.concurrent.UncheckedExecutionException                   : loaded 2 times (x 82B)
Class org.gradle.kotlin.dsl.VersionCatalogAccessorsKt                                 : loaded 2 times (x 71B)
Class com.google.common.collect.AbstractMapBasedMultimap$KeySet$1                     : loaded 2 times (x 82B)
Class org.objectweb.asm.ClassWriter                                                   : loaded 2 times (x 106B)
Class com.google.common.base.CharMatcher$And                                          : loaded 2 times (x 112B)
Class com.google.common.cache.CacheLoader$UnsupportedLoadingOperationException        : loaded 2 times (x 82B)
Class org.gradle.internal.classloader.ClasspathUtil$1                                 : loaded 2 times (x 76B)
Class com.google.common.collect.FluentIterable$1                                      : loaded 2 times (x 81B)
Class com.google.common.base.Objects                                                  : loaded 2 times (x 71B)
Class org.objectweb.asm.FieldVisitor                                                  : loaded 2 times (x 77B)
Class com.google.common.collect.IndexedImmutableSet                                   : loaded 2 times (x 152B)
Class com.google.common.collect.ImmutableMap$1                                        : loaded 2 times (x 81B)
Class com.google.common.collect.BiMap                                                 : loaded 2 times (x 70B)
Class org.gradle.api.internal.classpath.DefaultModuleRegistry$DefaultModule           : loaded 2 times (x 86B)
Class com.google.common.collect.FluentIterable$2                                      : loaded 2 times (x 81B)
Class com.google.common.base.Absent                                                   : loaded 2 times (x 80B)
Class com.google.common.reflect.Reflection                                            : loaded 2 times (x 71B)
Class com.google.common.primitives.Ints                                               : loaded 2 times (x 71B)
Class com.google.common.collect.AbstractIterator                                      : loaded 2 times (x 82B)
Class com.google.common.collect.FluentIterable$3                                      : loaded 2 times (x 81B)
Class com.google.common.collect.ObjectArrays                                          : loaded 2 times (x 71B)
Class com.google.common.math.MathPreconditions                                        : loaded 2 times (x 71B)
Class com.google.common.collect.Multiset                                              : loaded 2 times (x 70B)
Class com.google.common.collect.ArrayListMultimapGwtSerializationDependencies         : loaded 2 times (x 172B)
Class com.google.common.collect.AbstractIndexedListIterator                           : loaded 2 times (x 96B)
Class com.google.common.collect.ImmutableMapEntrySet                                  : loaded 2 times (x 152B)
Class org.gradle.api.internal.classpath.Module                                        : loaded 2 times (x 70B)
Class com.google.common.cache.Weigher                                                 : loaded 2 times (x 70B)
Class org.gradle.api.internal.classpath.UnknownModuleException                        : loaded 2 times (x 82B)
Class com.google.common.base.Stopwatch                                                : loaded 2 times (x 72B)
Class com.google.common.cache.LocalCache$Strength                                     : loaded 2 times (x 81B)
Class com.google.common.cache.Cache                                                   : loaded 2 times (x 70B)
Class com.google.common.base.NullnessCasts                                            : loaded 2 times (x 71B)
Class com.google.common.util.concurrent.AbstractFuture$Cancellation                   : loaded 2 times (x 72B)
Class com.google.common.collect.ImmutableMap$Builder                                  : loaded 2 times (x 82B)
Class com.google.common.collect.Maps$EntryFunction$1                                  : loaded 2 times (x 91B)
Class com.google.common.base.Present                                                  : loaded 2 times (x 81B)
Class com.google.common.cache.RemovalListener                                         : loaded 2 times (x 70B)
Class org.gradle.api.internal.DefaultClassPathRegistry                                : loaded 2 times (x 76B)
Class com.google.common.collect.Maps$EntryFunction$2                                  : loaded 2 times (x 91B)
Class com.google.common.reflect.Invokable$ConstructorInvokable                        : loaded 2 times (x 107B)
Class com.google.common.primitives.IntsMethodsForWeb                                  : loaded 2 times (x 71B)
Class com.google.common.collect.Multimap                                              : loaded 2 times (x 70B)
Class org.gradle.api.internal.ClassPathRegistry                                       : loaded 2 times (x 70B)
Class org.gradle.internal.classpath.DefaultClassPath$ImmutableUniqueList              : loaded 2 times (x 199B)
Class com.google.common.reflect.TypeToken                                             : loaded 2 times (x 73B)
Class com.google.common.base.ExtraObjectsMethodsForWeb                                : loaded 2 times (x 71B)
Class com.google.common.collect.Platform                                              : loaded 2 times (x 71B)
Class com.google.common.cache.CacheBuilder                                            : loaded 2 times (x 72B)
Class com.google.common.collect.SingletonImmutableList                                : loaded 2 times (x 207B)
Class Settings_gradle$1                                                               : loaded 2 times (x 74B)
Class ijJvmDebugger1_11j257ahinfbqezpytitaup33$_run_closure1                          : loaded 2 times (x 139B)
Class org.gradle.internal.classpath.ClassPath                                         : loaded 2 times (x 70B)
Class [Lcom.google.common.reflect.Types$JavaVersion;                                  : loaded 2 times (x 69B)
Class com.google.common.base.JdkPattern                                               : loaded 2 times (x 75B)
Class com.google.common.collect.ImmutableList$ReverseImmutableList                    : loaded 2 times (x 209B)
Class org.objectweb.asm.SymbolTable$Entry                                             : loaded 2 times (x 74B)
Class org.objectweb.asm.Edge                                                          : loaded 2 times (x 72B)
Class com.google.common.base.Suppliers$SupplierOfInstance                             : loaded 2 times (x 79B)
Class com.google.common.collect.Iterators$1                                           : loaded 2 times (x 81B)
Class ijKotlinCoroutineJvmDebugInit1_844wqinvmk5352yck94x7swmg                        : loaded 2 times (x 171B)
Class com.google.common.reflect.TypeToken$1                                           : loaded 2 times (x 110B)
Class com.google.common.cache.LocalCache$ComputingValueReference                      : loaded 2 times (x 96B)
Class com.google.common.collect.SingletonImmutableSet                                 : loaded 2 times (x 146B)
Class com.google.common.collect.ImmutableMap$IteratorBasedImmutableMap                : loaded 2 times (x 126B)
Class com.google.common.reflect.TypeToken$2                                           : loaded 2 times (x 110B)
Class com.google.common.cache.LocalCache$Segment                                      : loaded 2 times (x 154B)
Class com.google.common.collect.AbstractListMultimap                                  : loaded 2 times (x 172B)
Class [Lorg.objectweb.asm.SymbolTable$Entry;                                          : loaded 2 times (x 69B)
Class com.google.common.cache.CacheLoader                                             : loaded 2 times (x 74B)
Class com.google.common.collect.Iterators$4                                           : loaded 2 times (x 82B)
Class com.google.common.collect.ImmutableBiMap                                        : loaded 2 times (x 143B)
Class org.gradle.api.internal.classpath.ModuleRegistry                                : loaded 2 times (x 70B)
Class org.gradle.internal.installation.GradleInstallation$1                           : loaded 2 times (x 75B)
Class com.google.common.collect.ImmutableSet$JdkBackedSetBuilderImpl                  : loaded 2 times (x 76B)
Class com.google.common.util.concurrent.internal.InternalFutureFailureAccess          : loaded 2 times (x 72B)
Class com.google.common.collect.Iterators$5                                           : loaded 2 times (x 82B)
Class com.google.common.collect.Iterators$6                                           : loaded 2 times (x 81B)
Class com.google.common.collect.HashBiMap$Inverse                                     : loaded 2 times (x 142B)
Class com.google.common.base.CharMatcher$ForPredicate                                 : loaded 2 times (x 112B)
Class com.google.common.cache.LocalCache$LocalManualCache$1                           : loaded 2 times (x 75B)
Class com.google.common.base.CharMatcher$AnyOf                                        : loaded 2 times (x 112B)
Class com.google.common.collect.ImmutableCollection                                   : loaded 2 times (x 125B)
Class org.gradle.api.internal.classpath.DefaultModuleRegistry                         : loaded 2 times (x 86B)
Class com.google.common.collect.Lists                                                 : loaded 2 times (x 71B)
Class com.google.common.util.concurrent.ListenableFuture                              : loaded 2 times (x 70B)
Class com.google.common.cache.ReferenceEntry                                          : loaded 2 times (x 70B)
Class com.google.common.base.Converter                                                : loaded 2 times (x 90B)
Class com.google.common.collect.ImmutableSet$CachingAsList                            : loaded 2 times (x 148B)
Class com.google.common.collect.AbstractMapBasedMultimap                              : loaded 2 times (x 139B)
Class com.google.common.util.concurrent.AbstractFuture                                : loaded 2 times (x 106B)
Class com.google.common.base.FunctionalEquivalence                                    : loaded 2 times (x 83B)
Class com.google.common.collect.Iterators$9                                           : loaded 2 times (x 81B)
Class com.google.common.collect.ImmutableAsList                                       : loaded 2 times (x 209B)
Class com.google.common.reflect.TypeResolver$TypeTable                                : loaded 2 times (x 73B)
Class org.objectweb.asm.RecordComponentVisitor                                        : loaded 2 times (x 77B)
Class com.google.common.cache.CacheLoader$SupplierToCacheLoader                       : loaded 2 times (x 75B)
Class com.google.common.reflect.TypeResolver$TypeTable$1                              : loaded 2 times (x 73B)
Class com.google.common.collect.Maps$EntryTransformer                                 : loaded 2 times (x 70B)
Class org.gradle.internal.service.ServiceLookupException                              : loaded 2 times (x 82B)
Class com.google.common.collect.Lists$ReverseList                                     : loaded 2 times (x 200B)
Class [Lcom.google.common.cache.LocalCache$EntryFactory;                              : loaded 2 times (x 69B)
Class org.gradle.internal.classloader.ClassLoaderFactory                              : loaded 2 times (x 70B)
Class com.google.common.base.CommonPattern                                            : loaded 2 times (x 74B)
Class com.google.common.base.CharMatcher$IsNot                                        : loaded 2 times (x 111B)
Class com.google.common.cache.LocalCache$LocalManualCache                             : loaded 2 times (x 99B)
Class org.gradle.internal.service.CachingServiceLocator                               : loaded 2 times (x 82B)
Class com.google.common.collect.AbstractMapBasedMultimap$KeySet                       : loaded 2 times (x 137B)
Class com.google.common.math.IntMath                                                  : loaded 2 times (x 71B)
Class com.google.common.reflect.Types$TypeVariableInvocationHandler                   : loaded 2 times (x 75B)
Class [Lcom.google.common.collect.HashBiMap$BiEntry;                                  : loaded 2 times (x 69B)
Class com.google.common.collect.ImmutableMapEntry                                     : loaded 2 times (x 85B)
Class com.google.common.base.Predicates                                               : loaded 2 times (x 71B)
Class com.google.common.base.Equivalence                                              : loaded 2 times (x 82B)
Class com.google.common.base.Function                                                 : loaded 2 times (x 70B)
Class com.google.common.collect.ImmutableMapEntry$NonTerminalImmutableMapEntry        : loaded 2 times (x 85B)
Class ijKotlinCoroutineJvmDebugInit1_844wqinvmk5352yck94x7swmg$_run_closure1$_closure2: loaded 2 times (x 139B)
Class com.google.common.collect.IndexedImmutableSet$1                                 : loaded 2 times (x 213B)
Class com.google.common.cache.CacheBuilder$OneWeigher                                 : loaded 2 times (x 82B)
Class com.google.common.collect.RegularImmutableList                                  : loaded 2 times (x 213B)
Class com.google.common.collect.Maps$EntryFunction                                    : loaded 2 times (x 91B)
Class com.google.common.reflect.Types$ClassOwnership$1LocalClass                      : loaded 2 times (x 71B)
Class org.gradle.internal.classloader.ClasspathUtil                                   : loaded 2 times (x 71B)
Class com.google.common.util.concurrent.Uninterruptibles                              : loaded 2 times (x 71B)
Class com.google.common.util.concurrent.LazyLogger                                    : loaded 2 times (x 72B)
Class com.google.common.collect.Maps                                                  : loaded 2 times (x 71B)
Class org.gradle.api.specs.Spec                                                       : loaded 2 times (x 70B)
Class com.google.common.reflect.Types$JavaVersion                                     : loaded 2 times (x 83B)
Class [Lcom.google.common.collect.ImmutableEntry;                                     : loaded 2 times (x 69B)
Class com.google.common.cache.LocalCache$LoadingValueReference                        : loaded 2 times (x 96B)
Class com.google.common.reflect.Invokable$MethodInvokable                             : loaded 2 times (x 107B)
Class com.google.common.base.Platform                                                 : loaded 2 times (x 71B)
Class [Lorg.objectweb.asm.AnnotationWriter;                                           : loaded 2 times (x 69B)
Class com.google.common.collect.Maps$8                                                : loaded 2 times (x 82B)
Class com.google.common.base.Predicates$CompositionPredicate                          : loaded 2 times (x 88B)
Class com.google.common.collect.Lists$ReverseList$1                                   : loaded 2 times (x 99B)
Class com.google.common.collect.Sets$SetView                                          : loaded 2 times (x 138B)
Class com.google.common.cache.LocalCache$StrongValueReference                         : loaded 2 times (x 90B)
Class org.objectweb.asm.Type                                                          : loaded 2 times (x 72B)
Class org.gradle.internal.classloader.VisitableURLClassLoader$InstrumentingVisitableURLClassLoader: loaded 2 times (x 123B)
Class com.google.common.math.IntMath$1                                                : loaded 2 times (x 71B)
Class org.objectweb.asm.ByteVector                                                    : loaded 2 times (x 79B)
Class [Lcom.google.common.cache.CacheBuilder$NullListener;                            : loaded 2 times (x 69B)
Class org.gradle.internal.classloader.VisitableURLClassLoader$Spec                    : loaded 2 times (x 74B)
Class org.gradle.internal.classpath.DefaultClassPath                                  : loaded 2 times (x 90B)
Class com.google.common.reflect.Types$ClassOwnership                                  : loaded 2 times (x 80B)
Class org.objectweb.asm.Symbol                                                        : loaded 2 times (x 73B)
Class ijJvmDebugger1_11j257ahinfbqezpytitaup33$_run_closure1$_closure2                : loaded 2 times (x 140B)
Class com.google.common.collect.Sets$FilteredSet                                      : loaded 2 times (x 137B)
Class com.google.common.io.Closer                                                     : loaded 2 times (x 78B)
Class com.google.common.base.CharMatcher$BitSetMatcher                                : loaded 2 times (x 112B)
Class com.google.common.collect.RegularImmutableMap$Values                            : loaded 2 times (x 207B)
Class com.google.common.collect.ImmutableSet                                          : loaded 2 times (x 145B)
Class org.gradle.internal.classloader.ClassLoaderSpec                                 : loaded 2 times (x 71B)
Class org.objectweb.asm.AnnotationWriter                                              : loaded 2 times (x 79B)
Class com.google.common.cache.CacheStats                                              : loaded 2 times (x 71B)
Class com.google.common.io.Closer$Suppressor                                          : loaded 2 times (x 70B)
Class org.objectweb.asm.RecordComponentWriter                                         : loaded 2 times (x 78B)
Class com.google.common.util.concurrent.AbstractFuture$Listener                       : loaded 2 times (x 72B)
Class com.google.common.base.CharMatcher$Or                                           : loaded 2 times (x 112B)
Class Settings_gradle$1$1                                                             : loaded 2 times (x 74B)
Class org.objectweb.asm.Attribute                                                     : loaded 2 times (x 77B)
Class com.google.common.base.Supplier                                                 : loaded 2 times (x 70B)
Class org.gradle.internal.classloader.VisitableURLClassLoader                         : loaded 2 times (x 117B)
Class com.google.common.collect.ImmutableList$SerializedForm                          : loaded 2 times (x 73B)
Class Settings_gradle                                                                 : loaded 2 times (x 124B)
Class org.gradle.internal.Cast                                                        : loaded 2 times (x 71B)
Class org.gradle.api.Action                                                           : loaded 2 times (x 70B)
Class com.google.common.collect.HashBiMap                                             : loaded 2 times (x 143B)
Class com.google.common.base.Strings                                                  : loaded 2 times (x 71B)
Class com.google.common.collect.Sets                                                  : loaded 2 times (x 71B)
Class org.objectweb.asm.Handler                                                       : loaded 2 times (x 72B)
Class com.google.common.base.CharMatcher$FastMatcher                                  : loaded 2 times (x 111B)
Class com.google.common.base.Ticker                                                   : loaded 2 times (x 72B)
Class [Lcom.google.common.cache.LocalCache$Segment;                                   : loaded 2 times (x 69B)
Class com.google.common.base.Predicate                                                : loaded 2 times (x 70B)
Class [Lcom.google.common.cache.LocalCache$Strength;                                  : loaded 2 times (x 69B)
Class com.google.common.cache.CacheBuilder$1                                          : loaded 2 times (x 85B)
Class com.google.common.collect.ImmutableMap                                          : loaded 2 times (x 120B)
Class org.gradle.internal.classpath.DefaultClassPath$ImmutableUniqueList$Builder      : loaded 2 times (x 75B)
Class com.google.common.base.CharMatcher$NegatedFastMatcher                           : loaded 2 times (x 113B)
Class com.google.common.cache.LocalCache                                              : loaded 2 times (x 187B)
Class com.google.common.cache.CacheBuilder$2                                          : loaded 2 times (x 79B)
Class com.google.common.collect.ArrayListMultimap                                     : loaded 2 times (x 172B)
Class com.google.common.cache.CacheBuilder$3                                          : loaded 2 times (x 72B)
Class [Lcom.google.common.collect.AbstractMapEntry;                                   : loaded 2 times (x 69B)
Class com.google.common.collect.ImmutableEntry                                        : loaded 2 times (x 82B)
Class org.gradle.api.GradleException                                                  : loaded 2 times (x 82B)
Class com.google.common.base.Suppliers$MemoizingSupplier                              : loaded 2 times (x 79B)
Class com.google.common.collect.CollectPreconditions                                  : loaded 2 times (x 71B)
Class com.google.common.collect.Maps$AbstractFilteredMap                              : loaded 2 times (x 127B)
Class com.google.common.collect.SortedMapDifference                                   : loaded 2 times (x 70B)
Class com.google.common.cache.LocalCache$WriteThroughEntry                            : loaded 2 times (x 79B)
Class com.google.common.cache.LocalCache$HashIterator                                 : loaded 2 times (x 86B)
Class com.google.common.cache.LocalCache$EntryFactory                                 : loaded 2 times (x 83B)
Class com.google.common.collect.Iterables$5                                           : loaded 2 times (x 81B)
Class com.google.common.reflect.Types$NativeTypeVariableEquals                        : loaded 2 times (x 71B)
Class com.google.common.reflect.TypeParameter                                         : loaded 2 times (x 72B)
Class com.google.common.cache.LocalCache$AbstractReferenceEntry                       : loaded 2 times (x 107B)
Class org.gradle.internal.IoActions                                                   : loaded 2 times (x 71B)
Class org.objectweb.asm.SymbolTable                                                   : loaded 2 times (x 72B)
Class com.google.common.cache.CacheLoader$InvalidCacheLoadException                   : loaded 2 times (x 82B)
Class com.google.common.collect.ImmutableSet$RegularSetBuilderImpl                    : loaded 2 times (x 77B)
Class org.gradle.internal.classloader.SystemClassLoaderSpec                           : loaded 2 times (x 71B)
Class com.google.common.collect.FluentIterable                                        : loaded 2 times (x 81B)
Class com.google.common.cache.LocalCache$StrongEntry                                  : loaded 2 times (x 108B)
Class com.google.common.util.concurrent.AbstractFuture$TrustedFuture                  : loaded 2 times (x 114B)
Class com.google.common.cache.LoadingCache                                            : loaded 2 times (x 70B)
Class com.google.common.base.Suppliers$NonSerializableMemoizingSupplier               : loaded 2 times (x 79B)
Class org.objectweb.asm.MethodWriter                                                  : loaded 2 times (x 106B)
Class [Lcom.google.common.cache.Weigher;                                              : loaded 2 times (x 69B)
Class com.google.common.collect.RegularImmutableMap$BucketOverflowException           : loaded 2 times (x 82B)
Class com.google.common.collect.AbstractIterator$State                                : loaded 2 times (x 79B)
Class com.google.common.reflect.Types$JavaVersion$1                                   : loaded 2 times (x 83B)
Class com.google.common.collect.RegularImmutableBiMap                                 : loaded 2 times (x 149B)
Class com.google.common.base.CharMatcher$Negated                                      : loaded 2 times (x 113B)
Class com.google.common.base.CharMatcher$Is                                           : loaded 2 times (x 111B)
Class com.google.common.cache.LocalCache$ValueReference                               : loaded 2 times (x 70B)
Class com.google.common.reflect.Types$JavaVersion$2                                   : loaded 2 times (x 83B)
Class com.google.common.reflect.Types                                                 : loaded 2 times (x 71B)
Class com.google.common.hash.PrimitiveSink                                            : loaded 2 times (x 70B)
Class com.google.common.base.PatternCompiler                                          : loaded 2 times (x 70B)
Class com.google.common.util.concurrent.AbstractFuture$Failure                        : loaded 2 times (x 72B)
Class com.google.common.base.Equivalence$Equals                                       : loaded 2 times (x 82B)
Class com.google.common.collect.Hashing                                               : loaded 2 times (x 71B)
Class com.google.common.base.Preconditions                                            : loaded 2 times (x 71B)
Class com.google.common.reflect.Types$JavaVersion$3                                   : loaded 2 times (x 83B)
Class com.google.common.base.Joiner$1                                                 : loaded 2 times (x 80B)
Class org.objectweb.asm.Label                                                         : loaded 2 times (x 73B)
Class org.objectweb.asm.CurrentFrame                                                  : loaded 2 times (x 73B)
Class org.objectweb.asm.ClassTooLargeException                                        : loaded 2 times (x 83B)
Class com.google.common.base.CharMatcher                                              : loaded 2 times (x 111B)
Class com.google.common.collect.PeekingIterator                                       : loaded 2 times (x 70B)
Class com.google.common.reflect.Types$JavaVersion$4                                   : loaded 2 times (x 83B)
Class com.google.common.collect.Maps$IteratorBasedAbstractMap                         : loaded 2 times (x 125B)
Class com.google.common.base.Joiner$2                                                 : loaded 2 times (x 79B)
Class org.objectweb.asm.Frame                                                         : loaded 2 times (x 73B)
Class org.objectweb.asm.MethodVisitor                                                 : loaded 2 times (x 105B)
Class com.google.common.base.CharMatcher$1                                            : loaded 2 times (x 113B)
Class com.google.common.base.CharMatcher$NamedFastMatcher                             : loaded 2 times (x 112B)
Class com.google.common.cache.LocalCache$EntryFactory$1                               : loaded 2 times (x 83B)
Class [Lcom.google.common.cache.RemovalListener;                                      : loaded 2 times (x 69B)
Class com.google.common.reflect.Types$JavaVersion$5                                   : loaded 2 times (x 71B)
Class [Lcom.google.common.reflect.Types$ClassOwnership;                               : loaded 2 times (x 69B)
Class com.google.common.cache.LocalCache$EntryFactory$2                               : loaded 2 times (x 83B)
Class org.gradle.api.internal.classpath.GlobalCacheRootsProvider                      : loaded 2 times (x 70B)
Class org.objectweb.asm.ModuleWriter                                                  : loaded 2 times (x 82B)
Class com.google.common.cache.LocalCache$EntryFactory$3                               : loaded 2 times (x 83B)
Class com.google.common.base.Ticker$1                                                 : loaded 2 times (x 72B)
Class com.google.common.collect.Maps$BiMapConverter                                   : loaded 2 times (x 90B)
Class com.google.common.collect.ImmutableMapEntrySet$RegularEntrySet                  : loaded 2 times (x 152B)
Class com.google.common.collect.ImmutableSet$Builder                                  : loaded 2 times (x 85B)
Class com.google.common.base.CharMatcher$InRange                                      : loaded 2 times (x 111B)
Class com.google.common.cache.LocalCache$EntryFactory$4                               : loaded 2 times (x 83B)
Class com.google.common.cache.LocalCache$EntryFactory$5                               : loaded 2 times (x 83B)
Class ijJvmDebugger1_11j257ahinfbqezpytitaup33                                        : loaded 2 times (x 171B)
Class com.google.common.base.PairwiseEquivalence                                      : loaded 2 times (x 83B)
Class com.google.common.cache.LocalCache$EntryFactory$6                               : loaded 2 times (x 83B)
Class org.gradle.internal.installation.CurrentGradleInstallationLocator               : loaded 2 times (x 71B)
Class com.google.common.collect.Maps$KeySet                                           : loaded 2 times (x 137B)
Class com.google.common.collect.ImmutableSet$EmptySetBuilderImpl                      : loaded 2 times (x 76B)
Class com.google.common.cache.LocalCache$EntryFactory$7                               : loaded 2 times (x 83B)
Class com.google.common.collect.ImmutableList                                         : loaded 2 times (x 206B)
Class org.gradle.internal.service.DefaultServiceLocator                               : loaded 2 times (x 83B)
Class com.google.common.collect.Maps$EntrySet                                         : loaded 2 times (x 136B)
Class com.google.common.cache.LocalCache$EntryFactory$8                               : loaded 2 times (x 83B)
Class com.google.common.collect.ImmutableSet$SetBuilderImpl                           : loaded 2 times (x 76B)
Class org.gradle.internal.installation.CurrentGradleInstallation                      : loaded 2 times (x 73B)
Class com.google.common.cache.CacheLoader$1                                           : loaded 2 times (x 75B)
Class com.google.common.collect.ForwardingObject                                      : loaded 2 times (x 72B)
Class com.google.common.collect.ImmutableList$SubList                                 : loaded 2 times (x 209B)
Class org.gradle.util.internal.GUtil                                                  : loaded 2 times (x 71B)
Class com.google.common.cache.AbstractCache$StatsCounter                              : loaded 2 times (x 70B)
Class com.google.common.reflect.Types$TypeVariableImpl                                : loaded 2 times (x 72B)
Class com.google.common.collect.Iterators$MergingIterator                             : loaded 2 times (x 81B)
Class com.google.common.collect.RegularImmutableSet                                   : loaded 2 times (x 149B)
Class org.gradle.internal.installation.GradleInstallation                             : loaded 2 times (x 75B)
Class com.google.common.collect.Iterables                                             : loaded 2 times (x 71B)
Class com.google.common.collect.Lists$RandomAccessReverseList                         : loaded 2 times (x 200B)

---------------  S Y S T E M  ---------------

OS:
 Windows 11 , 64 bit Build 26100 (10.0.26100.8328)
OS uptime: 2 days 4:31 hours
Hyper-V role detected

CPU: total 12 (initial active 12) (6 cores per cpu, 2 threads per core) family 6 model 154 stepping 3 microcode 0x424, cx8, cmov, fxsr, ht, mmx, 3dnowpref, sse, sse2, sse3, ssse3, sse4.1, sse4.2, popcnt, lzcnt, tsc, tscinvbit, avx, avx2, aes, erms, clmul, bmi1, bmi2, adx, sha, fma, vzeroupper, clflush, clflushopt, clwb, hv, serialize, rdtscp, rdpid, fsrm, f16c, cet_ibt, cet_ss
Processor Information for processor 0
  Max Mhz: 2000, Current Mhz: 2000, Mhz Limit: 2000
Processor Information for processor 1
  Max Mhz: 2000, Current Mhz: 2000, Mhz Limit: 2000
Processor Information for processor 2
  Max Mhz: 2000, Current Mhz: 2000, Mhz Limit: 2000
Processor Information for processor 3
  Max Mhz: 2000, Current Mhz: 2000, Mhz Limit: 2000
Processor Information for processor 4
  Max Mhz: 2000, Current Mhz: 2000, Mhz Limit: 2000
Processor Information for processor 5
  Max Mhz: 2000, Current Mhz: 2000, Mhz Limit: 2000
Processor Information for processor 6
  Max Mhz: 2000, Current Mhz: 2000, Mhz Limit: 2000
Processor Information for processor 7
  Max Mhz: 2000, Current Mhz: 2000, Mhz Limit: 2000
Processor Information for processor 8
  Max Mhz: 2000, Current Mhz: 2000, Mhz Limit: 2000
Processor Information for processor 9
  Max Mhz: 2000, Current Mhz: 2000, Mhz Limit: 2000
Processor Information for processor 10
  Max Mhz: 2000, Current Mhz: 2000, Mhz Limit: 2000
Processor Information for processor 11
  Max Mhz: 2000, Current Mhz: 1466, Mhz Limit: 2000

Memory: 4k page, system-wide physical 7895M (69M free)
TotalPageFile size 22895M (AvailPageFile size 514M)
current process WorkingSet (physical memory assigned to process): 380M, peak: 568M
current process commit charge ("private bytes"): 797M, peak: 1468M

vm_info: OpenJDK 64-Bit Server VM (21.0.9+-14649483-b1163.86) for windows-amd64 JRE (21.0.9+-14649483-b1163.86), built on 2025-12-30T22:08:35Z by "builder" with MS VC++ 16.10 / 16.11 (VS2019)

END.
